production_time_actual,production_time_predicted,equipment_utilization_actual,equipment_utilization_predicted,quality_fluctuation_actual,quality_fluctuation_predicted,unit_cost_actual,unit_cost_predicted,delivery_capability_actual,delivery_capability_predicted
71.25791,70.25356,0.77670306,0.7905796,2.3209863,2.2802074,52.983356,54.869293,0.41781417,0.36366975
73.666595,70.09366,0.827657,0.78872967,2.1956477,2.2744253,55.247047,54.80046,0.31067768,0.36659867
74.40559,69.97587,0.7572429,0.78613424,2.482863,2.269011,55.633038,54.72937,0.3298801,0.3677088
68.742516,69.92622,0.69713724,0.7851976,2.119527,2.2680779,53.96062,54.707012,0.3269787,0.36838013
72.82287,69.80682,0.8399976,0.78213966,2.4597888,2.261939,56.599625,54.625206,0.37891904,0.36846712
65.71729,69.7121,0.7327106,0.78020716,2.0537481,2.2570941,52.049137,54.564644,0.40899897,0.36893687
70.74557,69.60855,0.8058174,0.7777442,2.4115007,2.251673,54.110504,54.494728,0.35806534,0.36923358
72.79088,69.46497,0.8189394,0.77517736,2.4475315,2.2451825,57.39545,54.410824,0.34634572,0.37013263
71.16102,69.39287,0.750493,0.77427095,2.4840832,2.2414646,56.04964,54.376465,0.35772187,0.37098816
70.17166,69.31782,0.77723944,0.7729979,2.3310654,2.2384317,55.628056,54.3395,0.40049005,0.3717681
70.73497,69.22063,0.7177012,0.7716409,2.3360305,2.2341144,53.341232,54.29129,0.39193937,0.372764
64.963615,69.06915,0.7334026,0.76940215,1.9312114,2.2282624,52.685993,54.218002,0.4390087,0.3744687
72.37529,68.92762,0.7121338,0.7672709,2.2500513,2.2241175,55.546284,54.151314,0.28718534,0.3764823
68.54387,68.894554,0.77072465,0.76656675,2.1959972,2.2228763,54.764904,54.13041,0.36251056,0.37648326
71.675316,68.81597,0.7713698,0.76540726,2.3866463,2.219592,55.667942,54.089985,0.3578024,0.377291
67.3375,68.76251,0.77415985,0.7649294,1.854111,2.2183952,53.84623,54.072205,0.41276038,0.37848926
72.08636,68.72962,0.767436,0.76417404,2.1369004,2.2177787,54.70011,54.05454,0.3403943,0.37861595
65.16334,68.70728,0.7034631,0.76421016,1.8185437,2.2179158,50.833767,54.051235,0.360503,0.37921736
73.64672,68.6936,0.7253572,0.7635466,2.260374,2.2176876,55.071712,54.03939,0.31736702,0.378901
67.81139,68.63445,0.76379186,0.76265264,2.5517497,2.215219,54.072807,54.004776,0.43119192,0.37927264
71.237335,68.5808,0.88225424,0.76122916,2.4167807,2.2137165,56.417175,53.9724,0.3619664,0.37962934
63.79385,68.51849,0.7662193,0.7605038,2.0313647,2.210564,50.287003,53.939045,0.42053953,0.37993357
68.84727,68.399864,0.72289675,0.7586257,2.0976322,2.205694,52.43635,53.8748,0.384264,0.38064274
70.67051,68.30053,0.71335036,0.75720847,2.3111703,2.20241,56.216526,53.82504,0.32196173,0.38148478
67.74401,68.25298,0.7332559,0.7564098,2.3255546,2.2009244,55.032757,53.80112,0.3784589,0.38194892
70.76128,68.19487,0.7631265,0.755454,2.2482777,2.1993325,56.7475,53.77321,0.33853698,0.3823953
66.756775,68.15081,0.76235175,0.7541601,2.222982,2.1970158,54.15206,53.73717,0.4252215,0.38155508
66.44062,68.08096,0.7277741,0.7529252,2.1887786,2.1953847,51.732704,53.701534,0.42299545,0.3821656
62.386898,67.983826,0.69130737,0.7510594,1.9718698,2.1937592,50.005447,53.65688,0.42662826,0.383145
68.56339,67.84787,0.77876204,0.7490239,1.9797497,2.1911817,53.00743,53.595573,0.40299144,0.384836
70.32799,67.76102,0.8495101,0.74796283,2.2729397,2.189255,54.450035,53.558464,0.41641745,0.386215
69.11219,67.69518,0.7391608,0.7475677,2.2610333,2.188414,53.414368,53.53762,0.35017654,0.38765433
72.64413,67.664276,0.7677785,0.7469853,2.2639823,2.1879907,55.692104,53.523293,0.35699394,0.38815552
71.08809,67.59443,0.7783204,0.74625665,2.265909,2.1868465,55.658455,53.498108,0.37292856,0.38948554
65.67318,67.55558,0.78036237,0.7455493,2.02575,2.1871107,50.96165,53.48637,0.4678367,0.3899986
63.82814,67.47651,0.72043896,0.7442056,1.9946513,2.1863708,52.14032,53.453827,0.48137707,0.39110953
68.320595,67.384636,0.7638742,0.7427187,2.4110484,2.1846244,54.923504,53.41162,0.42732367,0.39194432
65.68588,67.30403,0.7722259,0.74178404,2.075469,2.1828372,53.105305,53.378574,0.41727388,0.39300412
69.18636,67.25953,0.72946,0.740803,2.2616374,2.1819959,55.356197,53.356117,0.42007637,0.3931976
68.723076,67.19269,0.754677,0.7396023,2.3241916,2.1813176,56.368538,53.328247,0.3554241,0.39379817
66.330734,67.153656,0.7151734,0.73823696,2.3237817,2.1807806,54.04544,53.302853,0.4076117,0.39334708
68.007256,67.062035,0.7221103,0.7358428,2.0886185,2.179504,52.872055,53.254063,0.3503735,0.3932761
69.73338,66.97995,0.7225383,0.73343056,2.2331603,2.1779835,52.23695,53.205154,0.38351905,0.39271954
63.65017,66.88647,0.739745,0.7314792,1.8214723,2.176797,50.134018,53.160614,0.40209115,0.39330742
72.83427,66.81374,0.78001493,0.7295847,2.337525,2.1750152,54.154564,53.116505,0.29631898,0.3930721
64.76271,66.757996,0.630587,0.7278053,2.2036026,2.1737728,51.43853,53.08002,0.41267586,0.39252716
65.037384,66.62183,0.70251334,0.72501636,2.1400988,2.1709394,53.41427,53.011906,0.4322283,0.39307356
63.580242,66.54336,0.6570025,0.72310966,2.3197875,2.1692889,52.950794,52.96776,0.438799,0.39308202
62.869,66.50578,0.62496996,0.72223514,2.3061638,2.1689398,52.053417,52.94941,0.40983367,0.39338514
70.21604,66.43938,0.75921685,0.7210879,2.345134,2.1680295,55.291443,52.920856,0.37145776,0.39381185
65.59485,66.380295,0.65541226,0.7204855,1.9298213,2.1669605,50.24722,52.898174,0.36597446,0.39467695
66.637764,66.30143,0.7015211,0.719057,2.0174587,2.1659043,53.23022,52.86314,0.40093082,0.3950903
67.41479,66.23902,0.7672092,0.7182833,2.1003184,2.1645336,53.43959,52.835564,0.38124153,0.3956563
69.95249,66.23567,0.692314,0.71798706,2.4156308,2.164681,55.066814,52.830887,0.29454076,0.3956432
73.39807,66.210976,0.724663,0.71740663,2.387187,2.1647005,54.292763,52.819954,0.30177695,0.39558363
67.01292,66.14581,0.7165577,0.7154285,2.3234293,2.1644003,53.3292,52.78694,0.38651487,0.39566013
66.164566,66.09479,0.66220367,0.7136594,2.3855343,2.1634376,53.421326,52.752453,0.37924033,0.39515084
66.537605,66.045105,0.795059,0.71205926,2.084711,2.1626644,52.52133,52.72181,0.410967,0.3948037
66.71886,66.0026,0.78941035,0.71081865,2.0503786,2.1618042,53.45953,52.69715,0.43954957,0.39456353
60.980484,65.944336,0.63664514,0.70958483,2.199325,2.161494,48.674953,52.674324,0.4172213,0.3948258
59.849503,65.83396,0.6521789,0.7068215,1.8559977,2.1608746,48.990963,52.62534,0.48359776,0.39536205
68.31721,65.68722,0.6778999,0.7038585,2.532352,2.158174,56.37906,52.554382,0.3567929,0.39650267
62.593376,65.621826,0.7203601,0.70185304,2.033953,2.1565518,53.630512,52.51149,0.4541795,0.39630505
63.75327,65.47778,0.6259818,0.6988494,2.186733,2.1541448,52.937542,52.4447,0.3977429,0.39736456
65.30967,65.37783,0.6714246,0.6966859,2.095968,2.1522076,53.361538,52.395676,0.3726229,0.39801103
62.950287,65.29365,0.73906326,0.6945249,1.9362338,2.1507332,50.901768,52.352566,0.48461792,0.39819765
64.63416,65.21579,0.68674284,0.6933337,2.1796966,2.1496289,51.41025,52.322746,0.4308431,0.39918512
64.47503,65.133995,0.7012087,0.6918775,2.45008,2.1481204,53.831554,52.287113,0.4162768,0.3999055
67.08093,65.085686,0.64780265,0.69081634,2.0086184,2.1474123,52.405807,52.26339,0.32554793,0.40062025
67.52058,65.08547,0.67233866,0.69005114,2.2952929,2.1470804,52.60202,52.251076,0.33751643,0.4002184
63.076588,65.041695,0.6714639,0.68857,2.0342855,2.1462407,50.612045,52.222744,0.413515,0.39977086
64.27638,64.95823,0.64773786,0.686344,2.3195982,2.1447613,52.00874,52.178017,0.32497844,0.3998372
66.168465,64.90169,0.64365715,0.6850077,2.2993994,2.1434815,53.650127,52.145332,0.30009457,0.39985216
67.557304,64.86773,0.7515279,0.68377453,2.0167878,2.1424143,53.23341,52.117844,0.36923033,0.39946073
63.290623,64.85852,0.64382946,0.6834495,2.0374296,2.1409755,51.01766,52.102226,0.39625373,0.39904174
68.32211,64.86802,0.7457893,0.6831783,2.2190018,2.1397445,54.25731,52.09143,0.36381087,0.39807785
66.82626,64.915276,0.782399,0.6833372,2.183573,2.1394858,55.11712,52.09554,0.32405627,0.39658087
63.1788,64.91213,0.65571636,0.6826009,1.8067704,2.138841,51.66018,52.082165,0.3973645,0.39566258
62.38304,64.8489,0.54290664,0.68040603,2.2478147,2.1370919,49.689095,52.041348,0.38410118,0.39523518
64.066246,64.763916,0.71907336,0.6779121,1.9683746,2.1347198,49.89834,51.988026,0.4103926,0.39518234
65.083725,64.72254,0.6564114,0.67700523,2.3005574,2.1316857,53.60663,51.95262,0.38637152,0.3951292
66.6791,64.734314,0.61992353,0.6763634,2.3219185,2.1286592,52.301888,51.927742,0.36199918,0.39397344
67.40149,64.701256,0.6090441,0.67513007,2.105364,2.1263018,51.54405,51.895035,0.27879137,0.3933031
65.13061,64.70718,0.6512264,0.67332596,1.8132321,2.125793,51.158035,51.87178,0.33391955,0.39166752
66.55948,64.64086,0.7007142,0.67087114,2.059833,2.1234345,51.293938,51.821785,0.3713651,0.39096805
65.007225,64.626366,0.64530194,0.6689393,2.1442544,2.1210783,52.309982,51.78373,0.34880188,0.38977084
70.75537,64.64743,0.74422395,0.668453,2.360563,2.1193502,54.34043,51.76922,0.34406778,0.38867065
65.55146,64.65321,0.6670766,0.6678345,2.3349617,2.1175206,53.445515,51.750736,0.368747,0.38790423
64.28037,64.677124,0.64126396,0.6684185,2.0879452,2.1153274,51.956192,51.74385,0.3550643,0.3874155
60.128162,64.7212,0.6659319,0.6689482,2.0574214,2.1147685,50.479603,51.749985,0.40674746,0.38646516
66.514915,64.72897,0.7091843,0.66896236,1.9957924,2.113001,52.27259,51.739475,0.36879387,0.3857545
65.414986,64.71645,0.6925652,0.66851443,2.2987785,2.1112337,52.114864,51.72165,0.36264005,0.38487685
67.34061,64.68994,0.698357,0.66783684,2.0758984,2.1101372,51.27835,51.702805,0.3764088,0.38472855
67.378654,64.732124,0.6384112,0.6686642,2.3075385,2.1097336,52.583412,51.713257,0.32178932,0.38378653
68.555374,64.71644,0.63801736,0.6673119,2.231361,2.1089807,53.24301,51.689445,0.33223033,0.38244072
61.94274,64.714424,0.7057655,0.66660875,1.8615105,2.1070032,50.24154,51.668167,0.36711532,0.38149622
63.613907,64.723274,0.6504043,0.6664989,2.0678153,2.1052618,50.775063,51.65498,0.4118914,0.38048103
61.722454,64.7343,0.6287061,0.6659609,1.877441,2.103966,49.400837,51.64137,0.39958352,0.37966257
64.09784,64.727036,0.63269436,0.6655975,2.084023,2.101057,50.383366,51.61817,0.36321387,0.3792021
65.13373,64.715225,0.64400756,0.66494066,2.0929358,2.099519,53.06597,51.599586,0.36206037,0.3788842
70.17611,64.70683,0.6626117,0.664569,2.5057158,2.0962434,55.016624,51.5746,0.28248176,0.3784355
67.94774,64.770035,0.6911228,0.6650514,2.1369898,2.094441,54.87757,51.575813,0.27810198,0.37730485
60.387173,64.86734,0.5805603,0.6669856,1.8499978,2.0934682,49.289406,51.60073,0.36374834,0.37573665
62.595146,64.89215,0.6181162,0.6672259,1.9982619,2.0911636,51.29093,51.58967,0.3198133,0.37466395
61.74753,64.93222,0.64397824,0.66744804,1.921721,2.0888848,52.514862,51.579906,0.41552556,0.37332472
66.87461,64.97649,0.6928685,0.6680789,2.0828116,2.0870018,51.841408,51.579674,0.36409813,0.3723005
63.672447,65.02994,0.6065124,0.6689768,2.2035131,2.0854845,51.90196,51.585472,0.3967687,0.37111074
68.63533,65.11989,0.6619717,0.67070496,2.003734,2.0856905,51.6319,51.617638,0.30884522,0.3699534
63.27897,65.17183,0.614714,0.6718135,1.719931,2.0870128,50.348854,51.64404,0.39738026,0.36913282
67.31048,65.210976,0.6631943,0.67181027,2.0703158,2.0873005,52.07818,51.64808,0.3510113,0.36831877
67.47307,65.292885,0.6414286,0.6733254,2.31438,2.0873964,52.522453,51.676704,0.3307101,0.36718526
61.471375,65.350975,0.6702161,0.67376566,2.0279202,2.0876293,50.25911,51.688427,0.4474193,0.3660911
65.57307,65.35433,0.6474868,0.67346364,2.0499372,2.0861945,52.501236,51.671265,0.36746746,0.36521536
68.11787,65.40615,0.7635153,0.6745276,2.138242,2.0853908,53.74555,51.68459,0.3755998,0.36426193
62.019115,65.45562,0.6188482,0.67553777,1.9139059,2.0845044,51.121346,51.698643,0.40944147,0.3637984
64.085014,65.5358,0.64251333,0.67707556,2.0693316,2.0843396,51.206703,51.72767,0.33204898,0.36326352
64.45041,65.59471,0.7714992,0.6784947,2.1164045,2.084773,53.879883,51.75452,0.37732542,0.36274874
64.239624,65.66491,0.72503495,0.68100446,1.9540794,2.0848434,53.657906,51.79464,0.3918368,0.36269966
65.11045,65.76242,0.7130472,0.6844338,2.1033812,2.0853467,52.112408,51.850674,0.31037652,0.36263627
66.50667,65.91311,0.68809384,0.68878865,2.1455777,2.0883286,51.05489,51.937695,0.3484527,0.36205614
70.57162,66.00993,0.6580174,0.6918318,2.216062,2.0905695,53.646915,51.99775,0.23309797,0.36184224
61.432438,66.023476,0.67259336,0.6915038,2.0635052,2.091186,51.28783,51.99791,0.38689944,0.3607535
67.90445,66.01733,0.6673297,0.6909995,2.0857632,2.0908206,54.124565,51.986088,0.31691644,0.360079
70.489006,66.05564,0.7528342,0.6917804,2.3215644,2.0918064,55.765106,52.00371,0.29314852,0.3596326
66.40086,66.15491,0.7095271,0.6932037,2.0653672,2.0943112,53.328857,52.04554,0.33930936,0.35852373
65.76113,66.30375,0.64849913,0.6961689,2.0884,2.0988793,51.3316,52.1223,0.3543019,0.35729507
69.940956,66.36959,0.7122396,0.6974805,2.2028952,2.1014993,52.241756,52.160374,0.2726193,0.3564533
61.93456,66.432014,0.6159376,0.69827676,2.0391138,2.1044528,49.886944,52.193302,0.40658206,0.35537302
64.13594,66.41941,0.70277536,0.69819725,1.8335301,2.103417,52.164963,52.186283,0.4006191,0.35569412
64.56506,66.48804,0.70123184,0.69989187,2.0106492,2.1041439,52.14022,52.22,0.3952608,0.3552608
69.846634,66.58785,0.7248507,0.7022378,2.1036196,2.107783,53.328793,52.280243,0.3489837,0.35471737
64.32797,66.74075,0.7854923,0.7063273,1.855309,2.1136713,50.687138,52.38079,0.44306454,0.35420132
66.332634,66.83807,0.6605697,0.708847,1.9498096,2.1178982,52.417797,52.443367,0.33729053,0.35381344
63.387966,66.91046,0.72577655,0.71048975,2.129259,2.1208224,51.026505,52.48525,0.38425395,0.35329732
68.894745,66.9751,0.6823447,0.7121271,2.2254486,2.1228275,53.972702,52.52441,0.30697376,0.35285342
63.68563,67.1094,0.68221194,0.71486723,1.754355,2.128572,50.176678,52.60054,0.37770563,0.35158736
65.74705,67.18233,0.675579,0.71593744,2.0466409,2.1320958,52.814617,52.637035,0.33147654,0.35055318
67.76708,67.2072,0.706938,0.7165119,2.1829565,2.132965,53.739166,52.648914,0.32092622,0.34989578
73.36076,67.31731,0.66692066,0.718556,2.4481266,2.1378706,53.610065,52.711727,0.28334117,0.34892744
66.703285,67.45097,0.659532,0.7210532,2.1607668,2.1438458,52.620335,52.78946,0.35464343,0.34792167
66.698616,67.54381,0.7320331,0.7228348,2.1217253,2.148316,53.523727,52.8424,0.34682244,0.34694093
60.14686,67.64719,0.7156352,0.7254273,1.6479244,2.1538174,49.006294,52.911697,0.43929017,0.34630856
72.907074,67.72382,0.7789304,0.7271451,2.4322517,2.1584334,55.863865,52.96663,0.32000738,0.34601492
63.343655,67.86004,0.6014472,0.7304564,2.108354,2.1663885,51.907246,53.05925,0.37198806,0.34521142
66.4668,68.02239,0.70733064,0.73382026,1.9585555,2.1767743,52.387905,53.169014,0.36461326,0.34416077
63.260174,68.122,0.6830108,0.73586446,1.9929384,2.1828482,51.452854,53.230965,0.37980556,0.343197
68.80884,68.22718,0.6833209,0.73824245,2.1396961,2.1898165,53.337746,53.30582,0.32633233,0.3426004
66.38946,68.315025,0.7012569,0.74059105,2.002177,2.195718,52.776894,53.372013,0.3618787,0.3422244
67.72086,68.405,0.8175389,0.74256444,2.3127728,2.202154,53.699276,53.436333,0.35007992,0.34185174
66.586945,68.51402,0.72224545,0.7447867,2.2183137,2.209961,53.514896,53.510193,0.33033973,0.3411308
64.25834,68.61722,0.68576086,0.7469729,2.135169,2.2172303,53.57302,53.58073,0.35459644,0.34028792
62.900192,68.692665,0.6132076,0.748229,2.1513698,2.2230334,52.082355,53.629932,0.32970214,0.33965805
65.85221,68.768936,0.613922,0.749328,2.0588338,2.228387,53.833374,53.67791,0.3267558,0.3390724
64.78026,68.83369,0.73852295,0.75022596,2.1197736,2.2313802,52.311047,53.70545,0.40738392,0.33782178
67.172745,68.91015,0.6859094,0.75184965,2.080915,2.2360442,55.02536,53.75235,0.35145795,0.3369746
68.4289,68.98741,0.72006834,0.75347775,2.22414,2.2418377,54.409073,53.81087,0.3010632,0.33676946
64.44673,69.107376,0.6167592,0.7566177,2.2118669,2.251569,51.01585,53.907394,0.32784724,0.33624887
66.09692,69.18783,0.760122,0.75799626,1.9755802,2.2575967,52.35892,53.960766,0.3631044,0.33565098
72.71352,69.271645,0.7375121,0.7601612,2.2230957,2.2640622,54.43686,54.02511,0.25431335,0.3351505
72.73145,69.38454,0.8499643,0.7622387,2.557509,2.2722745,56.287125,54.103203,0.3464523,0.3342899
66.23803,69.49834,0.7049024,0.7643796,2.1185913,2.2811174,52.23068,54.182358,0.37693912,0.33343035
67.638275,69.56919,0.73147637,0.765793,2.380798,2.286822,52.788536,54.231136,0.331694,0.33277988
64.60782,69.65147,0.6906365,0.7674162,1.7769579,2.2929068,49.977013,54.283535,0.38190135,0.3317703
69.07922,69.75081,0.7510213,0.7688812,2.2244272,2.3011556,54.500195,54.351135,0.38841614,0.33115828
68.32192,69.82436,0.6814774,0.76991785,2.1599758,2.307625,52.575108,54.404854,0.29733312,0.33106598
74.19889,69.9035,0.84125125,0.7708884,2.5411947,2.3138156,58.086025,54.45158,0.3144012,0.3303197
67.75193,69.97506,0.72151804,0.7718862,2.2229462,2.3193505,52.85136,54.49486,0.33352846,0.32993767
67.36527,70.06557,0.7588565,0.77376026,2.2730682,2.3268957,53.588364,54.559242,0.3778022,0.3291812
72.380684,70.14565,0.78671503,0.7759599,2.7511868,2.3356426,56.715393,54.634686,0.27357304,0.32912976
66.5213,70.27435,0.77169794,0.7793068,2.2268336,2.3482292,53.532314,54.747902,0.3639607,0.3287356
68.54995,70.34678,0.8090865,0.7812813,2.3343904,2.3549373,54.117653,54.807613,0.40983927,0.32840264
66.463,70.387314,0.70768183,0.7824826,2.3707,2.3600276,54.330296,54.845833,0.40334657,0.3283842
66.89344,70.45401,0.69884837,0.78414416,2.3980556,2.3675318,53.568214,54.90606,0.3930355,0.3285188
72.29827,70.55596,0.723481,0.78655785,2.3553567,2.3774977,56.22268,54.992332,0.3175508,0.32814842
72.7484,70.66005,0.8071064,0.78891957,2.9887767,2.3877656,59.615784,55.07947,0.30061656,0.3276909
73.90352,70.832146,0.74626386,0.79262465,2.6674798,2.4042723,58.972897,55.21512,0.26115954,0.32646924
69.58009,70.87389,0.73659635,0.7936821,2.3649814,2.4068365,55.290565,55.240906,0.3095314,0.32606703
64.20347,70.89641,0.7655657,0.7939404,2.2008986,2.4088292,54.15776,55.255035,0.4006364,0.32617354
70.285805,71.01842,0.7652675,0.79631585,2.429339,2.4196775,55.366215,55.34493,0.32543138,0.32551804
67.729744,71.07425,0.7161028,0.7977158,2.397946,2.4237013,55.47172,55.379597,0.31221825,0.32483637
64.61192,71.1979,0.7478379,0.80051535,2.221833,2.436165,53.449642,55.480953,0.3328495,0.3241793
68.18326,71.31217,0.7305839,0.80341214,2.539137,2.4473734,55.734512,55.577896,0.35850143,0.32372186
71.896935,71.37372,0.8331068,0.8053668,2.7447472,2.4556537,58.34951,55.644077,0.28858507,0.3238681
72.49639,71.50171,0.9010583,0.8089066,2.6041627,2.4699788,56.68324,55.76279,0.3210693,0.3234687
71.604645,71.60469,0.7863818,0.8116438,2.460716,2.4824345,54.42354,55.861477,0.35147837,0.32325202
70.82131,71.71433,0.785296,0.81524765,2.5602615,2.4957023,55.13446,55.9687,0.31550458,0.3227253
67.91803,71.70537,0.7007749,0.81599647,2.2361543,2.495517,53.853024,55.974503,0.3261258,0.32317507
69.89475,71.7988,0.80034375,0.8190396,2.599601,2.5067604,55.7047,56.064003,0.30321884,0.32256985
72.12132,71.9271,0.7685604,0.82199883,2.6433623,2.5188189,58.412132,56.15673,0.26296642,0.32146066
69.05105,71.967026,0.8079953,0.8223444,2.2981682,2.5225859,55.9251,56.179688,0.32539394,0.3210636
73.525154,72.00704,0.8814552,0.8234643,2.6162198,2.5238316,58.004333,56.198376,0.32273254,0.3203471
70.449486,72.03739,0.7901892,0.82478976,2.4799633,2.528122,56.118046,56.23021,0.29260814,0.320119
72.795456,72.12107,0.852901,0.82666814,2.690915,2.5354822,58.159904,56.28604,0.26652533,0.3191437
67.76214,72.178,0.73852175,0.8276637,2.1891253,2.5403657,55.79681,56.319176,0.3195593,0.31850335
69.837166,72.21546,0.8266499,0.82830125,2.4053874,2.5436568,55.61223,56.340797,0.3473458,0.3180327
71.07836,72.23476,0.7250431,0.82886076,2.2947319,2.5444553,55.98197,56.350704,0.32081562,0.31808993
72.96153,72.26042,0.81584835,0.829437,2.8575912,2.546369,57.761818,56.368206,0.28720292,0.31819856
71.2941,72.258705,0.87329686,0.8298032,2.5843706,2.5482557,57.01304,56.379967,0.35516015,0.31872094
71.94866,72.25355,0.81468534,0.83020824,2.5107462,2.5494442,55.64279,56.388123,0.3179818,0.31942683
72.45847,72.29391,0.8358231,0.8326257,2.5086305,2.5585253,55.541275,56.455696,0.25566077,0.32024118
65.34366,72.40798,0.7514622,0.8372501,1.8773078,2.5764496,51.299618,56.586254,0.30924702,0.32036376
71.11732,72.45211,0.7539121,0.8390597,2.5509675,2.5818908,56.319923,56.62836,0.32120788,0.3203084
72.734085,72.45132,0.7954511,0.83857125,2.9002788,2.5781796,57.64297,56.61044,0.3044032,0.32018918
69.61757,72.43373,0.73722124,0.83778787,2.4206975,2.5741844,54.769386,56.58523,0.36359972,0.32033595
72.05249,72.4462,0.7855886,0.83854014,2.5942066,2.5758548,57.92503,56.603218,0.30099052,0.32091254
73.92271,72.43645,0.81436485,0.83909893,2.8888938,2.574954,59.66078,56.60868,0.34351304,0.32192835
76.9873,72.50033,0.85735846,0.8428363,2.84492,2.5878687,58.813232,56.700504,0.22396791,0.32255304
72.055824,72.527664,0.85813826,0.84389645,2.5850325,2.5908113,56.23597,56.7216,0.28900746,0.3225225
78.62325,72.587204,0.84844595,0.8465538,2.908945,2.598889,60.492264,56.78104,0.23286457,0.32215106
76.73352,72.62759,0.85224855,0.84872043,3.0309167,2.604231,58.933235,56.82304,0.31402838,0.32200947
69.06411,72.67108,0.77259177,0.8504624,2.445272,2.6077633,55.166656,56.858032,0.31089583,0.32169175
70.05278,72.707054,0.835155,0.8517965,2.7000678,2.610133,57.279964,56.88291,0.31641483,0.3211421
74.22326,72.73511,0.8230345,0.85290235,2.9495347,2.612296,60.27446,56.904366,0.29993466,0.3207335
76.282135,72.74538,0.86648077,0.8532646,3.1197917,2.613789,59.093693,56.915928,0.25740623,0.32068008
72.42988,72.74849,0.81617785,0.8535832,2.6329706,2.6137898,57.38264,56.917946,0.29617497,0.32070398
65.46281,72.74871,0.7711899,0.85376644,2.224776,2.6140742,54.55417,56.92086,0.38913706,0.32085428
65.57119,72.741325,0.7170377,0.8534414,2.4516325,2.6122127,53.68054,56.91021,0.3192292,0.32070103
73.424515,72.73917,0.77310133,0.85324293,3.0053153,2.6117811,57.988113,56.906857,0.29751098,0.32064968
71.90042,72.74618,0.7346149,0.853253,2.6586208,2.6133595,55.988564,56.914875,0.27759856,0.32046673
77.358406,72.74443,0.8642877,0.8526037,2.879049,2.611834,58.667675,56.904163,0.26998895,0.3198617
72.17361,72.74767,0.84758747,0.8522195,2.6397002,2.6084936,55.240654,56.887947,0.35159758,0.31933552
71.25908,72.746155,0.7862682,0.85201204,2.6275234,2.6064782,55.633377,56.880745,0.28639364,0.31915593
73.242165,72.74833,0.7770875,0.8518771,2.4096608,2.6046424,55.019222,56.872902,0.29978266,0.3188892
72.92694,72.73033,0.8650464,0.8509822,2.5252793,2.5986207,57.5376,56.842186,0.32972252,0.31870067
70.31715,72.69327,0.8117809,0.8489971,2.4904828,2.591174,54.59749,56.789936,0.3311092,0.31869704
74.07316,72.67857,0.7479654,0.8489679,2.5497057,2.5910144,58.06858,56.78906,0.2636866,0.3192286
71.868004,72.70117,0.7783298,0.8494962,2.476216,2.5901601,55.560226,56.793037,0.29720372,0.31871313
72.26829,72.70871,0.87969154,0.8501601,2.4740388,2.5905669,56.402054,56.799656,0.29956275,0.31889334
76.400604,72.735794,0.88152945,0.8513932,3.0454698,2.5941668,59.953724,56.828377,0.29384837,0.3189436
76.31633,72.757545,0.84786004,0.8521838,2.9919376,2.5954976,60.86158,56.845123,0.30996245,0.31842387
72.91341,72.74861,0.8758029,0.8519259,2.7891233,2.5956962,58.548836,56.84375,0.294934,0.31876603
77.77514,72.761215,0.794856,0.85213447,2.927399,2.5970361,60.226406,56.850685,0.22370563,0.3186766
78.00525,72.79603,0.8537581,0.85301673,2.8116708,2.597379,60.25707,56.865406,0.24862725,0.31820866
72.279205,72.81804,0.8617376,0.8539269,2.6848693,2.5979285,59.06929,56.880005,0.35648942,0.31776655
68.79679,72.82638,0.7469189,0.854864,2.459842,2.599994,55.648994,56.898872,0.3412139,0.3181049
73.98587,72.841835,0.825584,0.85550386,2.7498245,2.6003942,57.012863,56.91087,0.28679302,0.31826186
71.03354,72.83674,0.78434056,0.85497284,2.5489483,2.596216,55.899628,56.8926,0.36622027,0.318451
71.16924,72.7942,0.8307269,0.85373724,2.4864912,2.59438,55.61183,56.873425,0.34771952,0.31982562
73.819305,72.78345,0.80796087,0.85305053,2.8518794,2.5938795,58.295242,56.866455,0.29664725,0.3203664
67.31716,72.765205,0.83743584,0.8527132,2.3360946,2.592231,54.36428,56.85473,0.37325633,0.32104084
72.61141,72.77761,0.84192485,0.85283244,2.44543,2.5959964,57.698067,56.869587,0.32971177,0.32057056
77.022385,72.77128,0.8989007,0.8522617,2.7324104,2.5937366,59.14172,56.857105,0.31753466,0.3206151
69.00775,72.7942,0.77840537,0.85353637,2.5238488,2.5961683,56.449726,56.880558,0.3871524,0.32057932
69.47533,72.7929,0.87077945,0.8538115,2.4178436,2.6000726,55.320126,56.898453,0.40252292,0.3208845
69.269485,72.77283,0.78910094,0.85325205,2.268343,2.5965407,56.34973,56.878487,0.35123393,0.3215754
73.974976,72.748146,0.8577174,0.8519177,2.5753727,2.5905802,58.60954,56.84173,0.29946297,0.3219756
75.26105,72.72578,0.8244469,0.8509786,2.7412183,2.5880692,58.934395,56.822174,0.28988558,0.32247806
68.829185,72.73555,0.81353146,0.8511892,2.317753,2.589801,55.428055,56.831264,0.39152947,0.32218882
71.29464,72.760315,0.8733795,0.85202324,2.535095,2.5948792,57.569923,56.857727,0.39625368,0.322194
73.49512,72.77097,0.8960593,0.85256356,2.643104,2.5950952,56.674583,56.865284,0.34885123,0.32223582
72.029945,72.76262,0.8536002,0.8528784,2.9226565,2.5928352,58.57095,56.86066,0.3570304,0.32266378
69.761856,72.75263,0.8290362,0.8528812,2.5520236,2.5921464,55.237133,56.8566,0.39375275,0.32327193
71.21891,72.74011,0.86125743,0.8526855,2.5122542,2.5894237,56.53389,56.84648,0.33603922,0.32396287
73.33053,72.71953,0.8469241,0.85213876,2.2718585,2.5885239,55.265934,56.836285,0.3112945,0.32454288
73.38978,72.70295,0.8127998,0.8516519,2.3434741,2.587778,55.376,56.827847,0.3434064,0.32476833
73.36484,72.67414,0.791917,0.85072595,2.2467442,2.581359,55.147045,56.793686,0.28506595,0.32557762
72.74978,72.62082,0.8960032,0.84753907,2.6001003,2.567926,56.972626,56.71399,0.39678174,0.3258543
72.04323,72.53873,0.85841364,0.84620273,2.5831609,2.5606556,57.645645,56.663292,0.39172673,0.3277822
72.8944,72.459335,0.8883649,0.84518945,2.6754313,2.5541627,57.909744,56.63209,0.3250981,0.33052593
78.39142,72.52426,0.86759955,0.8465436,2.7687147,2.558316,59.828697,56.666603,0.3113398,0.33025992
71.25914,72.522995,0.8134578,0.84618187,2.6130362,2.553419,58.65986,56.647755,0.3154631,0.33020753
73.791306,72.4084,0.857136,0.8410814,2.8197773,2.5293872,58.57122,56.503193,0.35365823,0.33107072
73.67088,72.36384,0.87469685,0.84001046,2.5541613,2.520309,58.346764,56.45978,0.3194443,0.33225653
72.22907,72.36885,0.88249147,0.83874875,2.4523022,2.5143266,54.306103,56.428246,0.36844057,0.33204103
72.655716,72.33738,0.88429964,0.8365974,2.6647658,2.5020332,57.697117,56.35808,0.303893,0.33186722
69.458046,72.41365,0.84428394,0.83800083,2.271045,2.5035524,56.306988,56.381145,0.3891207,0.32982755
72.112206,72.358444,0.8221983,0.83652097,2.4534495,2.5024016,56.729954,56.363823,0.32734403,0.3306114
74.13379,72.393654,0.8796436,0.8378651,2.795209,2.5066168,58.445866,56.39898,0.29710373,0.330541
74.659035,72.460724,0.84948754,0.8395629,2.4759674,2.5170574,57.510784,56.460056,0.33731288,0.33005542
73.53294,72.382904,0.79901963,0.83788747,2.547599,2.5119913,57.9336,56.421234,0.31861702,0.33164328
71.95476,72.27698,0.91269654,0.8354865,2.7068374,2.501632,58.04591,56.35241,0.3711124,0.33362347
74.861626,72.221344,0.79854566,0.8344403,2.6331964,2.4950051,59.631996,56.31242,0.26376396,0.33477002
75.81303,72.27128,0.9048527,0.83512044,2.7360134,2.4954371,57.82454,56.3273,0.34694815,0.33393723
76.26458,72.2855,0.8112099,0.83616453,2.8360965,2.4990015,58.898453,56.35462,0.2823508,0.33468154
67.44527,72.30203,0.771077,0.8370823,2.4453976,2.500828,55.568684,56.374237,0.35500306,0.33530065
73.74541,72.24424,0.74620754,0.8352415,2.4398782,2.4966173,55.05018,56.33977,0.2982354,0.33591256
68.6631,72.063774,0.7602146,0.8316956,2.2900183,2.4827812,54.137653,56.236687,0.3225377,0.33855867
79.141525,72.031975,0.9054701,0.82933944,2.7411408,2.481453,59.52336,56.20717,0.2827924,0.33816993
69.16204,72.0186,0.8224857,0.82888263,2.3677313,2.476561,56.12833,56.180153,0.33528003,0.33808395
72.71116,71.94179,0.87107736,0.826489,2.2866895,2.4723155,56.87438,56.13496,0.32641795,0.33829355
71.40533,71.79925,0.8290295,0.8228299,2.3088367,2.4575353,55.348724,56.02385,0.38091767,0.33918613
69.79196,71.69013,0.8818073,0.8204551,2.279654,2.4489038,57.46281,55.958195,0.41149855,0.34087896
73.42865,71.585175,0.82400954,0.818596,2.1955373,2.4422116,53.339268,55.906704,0.32297188,0.3425608
75.41672,71.40034,0.7462062,0.8132432,2.328408,2.4266741,56.15114,55.775948,0.24958436,0.34396997
66.22496,71.21239,0.7805842,0.80782104,2.1210468,2.4111185,52.87968,55.634037,0.3906229,0.3448068
73.61543,71.08841,0.90034574,0.8025399,2.2706115,2.3974657,56.213287,55.501865,0.37573496,0.34373823
66.49581,71.06067,0.7814328,0.80114967,2.432314,2.394531,55.959965,55.467545,0.3859875,0.3431108
72.11096,71.03707,0.8805939,0.80003446,2.6798553,2.3914146,58.114838,55.436592,0.37988567,0.34240264
74.3907,71.06741,0.85518545,0.8022373,2.6908507,2.3947093,59.091393,55.483986,0.35363495,0.34347546
70.73142,71.03448,0.746533,0.802955,2.1944907,2.395045,53.510384,55.50229,0.30575234,0.34545976
68.20011,70.90063,0.85727686,0.79969466,2.1168728,2.3837087,53.58015,55.407814,0.41719213,0.34617934
67.61966,70.73773,0.8298421,0.79703605,2.4324753,2.3725023,55.056644,55.315426,0.43689355,0.34818098
71.512825,70.6813,0.7255015,0.7950818,2.3626056,2.3659487,56.603245,55.26278,0.34690648,0.348153
73.42122,70.60501,0.79560596,0.7934425,2.149672,2.3617942,54.757523,55.223263,0.30606633,0.34914508
67.55693,70.483284,0.8517417,0.79084206,2.2048736,2.356613,54.67363,55.16593,0.40749672,0.3508193
71.019684,70.42227,0.7766666,0.7892322,2.4480076,2.3527074,55.618626,55.123547,0.37886995,0.35076478
67.37511,70.40953,0.77731913,0.7891049,2.1739054,2.3536084,54.9412,55.1282,0.39545408,0.35118112
68.8227,70.34891,0.8087623,0.78745043,2.4659193,2.3494222,54.84416,55.084732,0.37449864,0.3514089
73.24985,70.26231,0.88978446,0.7848218,2.345898,2.3414652,56.85145,55.006973,0.3381843,0.35150677
63.246155,70.19754,0.716513,0.7831993,1.9233142,2.3340151,51.05654,54.944233,0.35897154,0.35100248
67.86642,70.16135,0.7848543,0.78150386,2.3921793,2.3293135,55.010178,54.89119,0.39837524,0.34967655
72.993515,70.010155,0.7778145,0.7787064,2.833949,2.3197029,56.415363,54.798805,0.31858468,0.35113332
67.50518,69.90386,0.7507021,0.77627987,2.1007488,2.3144367,54.24792,54.739326,0.36022115,0.35266045
68.4022,69.76775,0.7621079,0.7736764,2.4178102,2.3078358,53.99189,54.664215,0.36841294,0.35405588
72.28072,69.6649,0.7908709,0.7718056,2.3372915,2.30299,55.10682,54.609177,0.30785626,0.35521728
69.991264,69.667915,0.8564603,0.77103823,2.6054869,2.3031118,56.203205,54.59981,0.40661782,0.35446715
73.213646,69.566025,0.84155655,0.7695483,2.4943545,2.2991107,56.340023,54.553562,0.34692946,0.35589287
72.561646,69.475815,0.8223274,0.76822406,2.6780498,2.2953851,58.14755,54.51531,0.32180172,0.35735995
72.84127,69.40699,0.7959181,0.76706105,2.5949342,2.2922606,57.08903,54.481895,0.35181144,0.35848373
65.89471,69.310356,0.8205388,0.76570666,2.3320737,2.2877495,54.817513,54.435425,0.45085374,0.35994685
72.09693,69.24208,0.71593827,0.7645679,2.303764,2.284895,54.90166,54.404404,0.2732817,0.36097586
71.58684,69.20897,0.7873321,0.7635493,2.29476,2.2825458,56.289852,54.377125,0.35585788,0.36091867
67.92174,69.13658,0.8229916,0.76245207,1.9778308,2.2808716,52.20051,54.35072,0.40573642,0.36251616
61.322018,69.14367,0.71369815,0.76218855,1.7005911,2.282338,48.893833,54.354763,0.42213717,0.3624802
61.320274,69.14968,0.672274,0.7616757,2.2217138,2.2824047,50.73221,54.34404,0.43843263,0.36175615
63.35302,69.08872,0.6760409,0.76077086,2.1030445,2.279147,52.946415,54.30736,0.4438075,0.3621874
67.044685,68.9788,0.81327486,0.7583899,2.3603592,2.2737327,55.62143,54.235306,0.4355751,0.362678
68.07066,68.85794,0.7795385,0.75630486,2.3675199,2.268501,55.396748,54.168316,0.40916443,0.3637492
66.23308,68.77621,0.68790746,0.7549088,2.420729,2.2651002,53.5603,54.123615,0.36527908,0.36445212
66.6866,68.69816,0.85643107,0.7535271,2.5060165,2.2610147,57.126114,54.074596,0.44426152,0.36484143
68.07791,68.62027,0.76155066,0.75232136,2.266559,2.2573462,54.333378,54.033882,0.3913364,0.36563277
68.36563,68.533554,0.83532953,0.7508794,2.2750382,2.253462,54.320244,53.988003,0.40011448,0.36638173
70.69916,68.41973,0.7447869,0.74962413,2.2977476,2.248867,56.065456,53.938015,0.30582756,0.36797845
68.505005,68.36014,0.75717086,0.74848574,2.126478,2.2453678,53.870113,53.899647,0.39085087,0.36823037
69.31985,68.25063,0.7606242,0.7469005,2.5204117,2.2414143,53.795086,53.84918,0.34230602,0.3695979
66.76487,68.18656,0.7521702,0.74579906,2.2474568,2.2390397,54.016754,53.81829,0.37213802,0.3702326
66.46428,68.11939,0.75342244,0.7444741,2.4862897,2.2367077,54.746227,53.782936,0.40700302,0.3708588
60.83799,68.00975,0.7294837,0.74241096,2.1615264,2.2327838,50.4721,53.724037,0.47167146,0.37172076
62.642857,67.90997,0.75621885,0.7403605,2.129141,2.2297416,54.300854,53.670277,0.47632092,0.3724091
66.071365,67.79068,0.66856015,0.7385077,2.4181886,2.2254403,53.920742,53.609776,0.34540573,0.3735553
73.826416,67.7079,0.8091124,0.73692477,2.5736573,2.22282,55.72754,53.565685,0.31360155,0.37404358
65.99362,67.59387,0.6676716,0.73582065,2.2232008,2.2195797,53.701195,53.521465,0.34786206,0.37560228
73.60899,67.49856,0.79908836,0.73444223,2.8166542,2.2172933,58.607056,53.482376,0.3232139,0.37667525
61.268105,67.3883,0.59642744,0.73291004,2.1216342,2.2143807,50.760464,53.436527,0.36304873,0.37808552
63.599,67.311806,0.66922265,0.73058593,2.2739365,2.2128856,53.35497,53.39111,0.37598726,0.3783325
70.91441,67.25684,0.7543631,0.7286305,2.4982476,2.2109113,56.45198,53.349026,0.36643782,0.37800786
65.25494,67.15263,0.68866944,0.7263932,1.9338948,2.2077873,50.6509,53.29189,0.40310708,0.37867054
68.29885,67.07687,0.681485,0.7245638,2.3138509,2.2062001,52.79937,53.250134,0.34959003,0.37909508
65.00115,67.039116,0.65489197,0.72387016,2.311587,2.2052739,52.915478,53.231693,0.3680901,0.37943923
64.353226,66.96686,0.6977474,0.7217535,1.9278529,2.2027953,49.34194,53.18368,0.40041858,0.37935975
66.52203,66.920265,0.72933686,0.72070235,2.0515966,2.2012029,50.6009,53.154404,0.37110242,0.37946668
59.318497,66.84363,0.65537244,0.7193104,2.2602942,2.198453,51.233395,53.112236,0.43895206,0.37980238
67.56433,66.7509,0.74587476,0.716958,2.5924032,2.1958783,56.780174,53.055687,0.41426802,0.3798934
67.76009,66.62976,0.7173616,0.71509486,2.2525842,2.1929207,54.498367,53.0019,0.3886051,0.3811842
67.932434,66.53699,0.7278445,0.71342206,2.319176,2.1910698,53.47121,52.961147,0.35780036,0.3819555
63.711365,66.45941,0.65345407,0.7123014,2.0654325,2.189974,51.035797,52.93157,0.40022096,0.3830112
67.92828,66.38552,0.74296504,0.71128196,2.3471813,2.189131,55.423885,52.903557,0.36843503,0.38416484
67.91116,66.33788,0.7485769,0.710898,2.2520397,2.187732,52.66413,52.884552,0.3676501,0.38497615
61.72603,66.27387,0.6826973,0.7096685,2.0174396,2.1865757,51.148075,52.85713,0.39408466,0.38564053
64.84872,66.24283,0.6430071,0.7086128,2.3242083,2.185192,53.26908,52.830574,0.38039193,0.38542804
65.39765,66.18818,0.61535764,0.70783395,2.397822,2.1834643,52.42679,52.803074,0.38200313,0.38594955
65.823425,66.10174,0.7606986,0.7060242,2.2373815,2.1817093,51.59906,52.76028,0.4012823,0.3865436
65.50076,66.01602,0.7017762,0.7042029,2.179401,2.179387,53.700516,52.716217,0.4098005,0.38710168
64.762024,65.987335,0.7492812,0.70356023,2.2109075,2.1787994,53.38745,52.701576,0.40656626,0.38751966
61.391968,65.915054,0.660916,0.701506,2.3444154,2.177144,52.635887,52.65793,0.44158274,0.3875587
65.38921,65.799545,0.5879029,0.69854593,2.2791398,2.1751628,52.72936,52.596317,0.2982518,0.38807645
67.684814,65.74095,0.7293409,0.69713753,1.9623647,2.172826,52.64868,52.557053,0.32835352,0.3880477
63.957516,65.67386,0.6879828,0.6957439,2.0202298,2.1702635,51.71641,52.515095,0.41233683,0.38798892
67.19671,65.581375,0.6898293,0.693282,2.3952765,2.167465,52.28582,52.461517,0.41136912,0.38825217
62.78459,65.47693,0.6280593,0.6918735,2.2597723,2.164923,52.546925,52.419144,0.40441638,0.38948208
62.065407,65.310265,0.7032064,0.6886526,2.144796,2.1612208,52.61954,52.340935,0.4317002,0.39032945
65.979126,65.2037,0.75172484,0.68682605,2.1516364,2.1596644,51.40596,52.299713,0.40148646,0.39138708
63.788395,65.188805,0.7717111,0.68710077,2.2133207,2.1592965,51.546555,52.299355,0.43307045,0.39183888
67.68216,65.168915,0.73722434,0.6871042,2.0009964,2.1586585,53.13199,52.29228,0.37605923,0.39210412
60.081505,65.17329,0.6031063,0.68723303,2.1963034,2.157681,52.173706,52.286537,0.4329729,0.3918531
62.63732,65.15414,0.64900076,0.6865612,2.14858,2.1557994,53.53761,52.263454,0.37458712,0.39174134
61.820107,65.122734,0.6775407,0.68569565,2.1159523,2.1541677,50.629025,52.239056,0.4725775,0.39187014
64.101944,65.06251,0.75936913,0.6842181,2.3266847,2.151775,54.165203,52.199783,0.43923572,0.39218426
62.533306,65.09757,0.6529334,0.6841957,2.1217139,2.1508207,50.504265,52.196445,0.41457593,0.39151725
64.072716,65.06562,0.6762866,0.6830919,2.0190308,2.1496332,51.32247,52.172596,0.42535752,0.39148277
65.55003,65.03189,0.7023009,0.68203926,2.07453,2.1472433,51.495934,52.141632,0.36650002,0.39126298
62.949055,65.09487,0.62239325,0.6827463,2.302369,2.1466413,51.700977,52.152027,0.37077677,0.39042884
62.70868,65.02925,0.6510285,0.6811721,2.0754702,2.143849,52.851723,52.108295,0.41974866,0.39033824
65.159996,64.957085,0.7156638,0.67972755,2.123226,2.1404006,51.38294,52.062458,0.39501512,0.39068174
61.11047,64.9761,0.6045457,0.6800585,2.2884793,2.1394665,51.78802,52.062965,0.40604532,0.39055997
66.97053,64.9642,0.70512843,0.6794671,2.224345,2.1380894,52.86332,52.04534,0.42282847,0.3901793
66.24436,64.91027,0.7695316,0.6781839,2.1171486,2.1362493,53.312996,52.012695,0.3810133,0.39034763
61.68847,64.93612,0.6882931,0.67873436,2.1597893,2.1346388,51.16936,52.01182,0.42834783,0.39006943
63.674747,64.995575,0.6564629,0.6801011,2.1602654,2.1345382,50.18381,52.031414,0.3715646,0.38944352
65.19467,65.01244,0.7153065,0.68003273,2.172302,2.1329017,51.416664,52.02041,0.41699326,0.38871366
65.80015,64.99687,0.6762817,0.6796947,2.2354589,2.131392,51.813152,52.00673,0.34845573,0.3887558
64.94129,65.04611,0.7218368,0.6811369,2.4075613,2.1295118,54.351856,52.015427,0.41766292,0.3880876
61.901855,65.05536,0.64894366,0.68139017,2.2256002,2.1295636,50.747417,52.01798,0.44794554,0.3881347
68.93379,65.065475,0.7284868,0.6822032,2.3327694,2.1288414,53.681004,52.02477,0.31896874,0.3884464
67.32269,65.07556,0.74710083,0.68285406,2.2267668,2.1273973,52.60544,52.022602,0.40333205,0.38812056
63.182117,65.07777,0.73344976,0.68314564,2.189346,2.127862,54.539482,52.028755,0.39142868,0.38844138
60.44005,65.104515,0.6265855,0.6843041,2.0294693,2.1279726,50.6841,52.044914,0.4135594,0.38875148
64.547165,65.12728,0.65000325,0.6849285,2.0350096,2.1282923,51.841816,52.057224,0.40847656,0.38874823
64.64411,65.17823,0.70794797,0.68618554,2.2608116,2.128828,51.45493,52.07929,0.41366082,0.38848996
66.67168,65.26967,0.638833,0.6884814,2.1225603,2.1296196,53.83089,52.11972,0.35954666,0.38816866
57.59282,65.34896,0.59228796,0.69028664,1.9482245,2.1312695,50.03676,52.159386,0.4238385,0.38776216
63.38028,65.335014,0.68721783,0.6895763,2.065874,2.1280909,51.272636,52.12953,0.3831993,0.3872699
64.49575,65.36127,0.7703912,0.6901853,2.065466,2.1268768,53.85036,52.132153,0.4354173,0.3870738
63.649513,65.42427,0.71804535,0.6917368,1.8396486,2.1274514,49.88722,52.160965,0.37558913,0.38693208
60.26841,65.501686,0.6747512,0.6930931,2.0551796,2.1293263,51.715096,52.195827,0.4845543,0.38630247
60.847996,65.445305,0.6271037,0.692265,1.9814895,2.126889,49.37683,52.164024,0.40680707,0.3869158
62.22251,65.45312,0.7474838,0.6927451,2.227618,2.1260545,51.516006,52.165115,0.42795476,0.386957
65.89685,65.45948,0.65170115,0.6931737,1.99299,2.1249933,53.222996,52.16347,0.38805792,0.38686496
66.09914,65.52479,0.67812407,0.69445014,2.1075227,2.1257286,55.50976,52.189953,0.4328566,0.38649976
63.951176,65.56653,0.64691895,0.69547606,2.1836615,2.1261218,53.29727,52.209263,0.36281765,0.38640842
62.84025,65.61106,0.7277263,0.69674265,2.0571463,2.1256716,53.57336,52.22481,0.45427352,0.38600215
62.509995,65.63641,0.64711475,0.69765896,2.2379851,2.1250181,52.548885,52.23432,0.46447733,0.38578954
65.442245,65.641846,0.67320037,0.6984791,2.0911818,2.1246953,52.469925,52.24187,0.3509732,0.38599658
64.864426,65.6594,0.6961209,0.6992922,2.1990664,2.1244235,52.64923,52.250282,0.41441295,0.38583368
66.17913,65.62341,0.6957238,0.6988584,2.184862,2.124463,55.042164,52.24185,0.40002725,0.38663042
63.953617,65.61894,0.74438703,0.6991396,1.8950148,2.1238966,51.038223,52.24164,0.43498793,0.38676405
68.39974,65.73067,0.6971042,0.7016969,2.0472097,2.1258585,54.34528,52.295334,0.3523486,0.38604376
69.472466,65.87099,0.75909704,0.70450854,2.4554508,2.1294482,56.406322,52.365463,0.35637647,0.38496402
63.147682,65.99805,0.72620505,0.70682174,1.8441646,2.1338174,49.71559,52.43184,0.4750296,0.38383088
64.43256,66.05292,0.6795666,0.70749986,2.151378,2.1362886,52.41278,52.46124,0.38302493,0.38346675
63.892464,66.155205,0.6734281,0.7091499,2.1442416,2.1396573,51.236263,52.51232,0.45144325,0.38255456
65.7379,66.19744,0.63192695,0.7100568,2.2291708,2.14188,52.917545,52.540295,0.3282606,0.38258877
66.19209,66.196884,0.80085874,0.7100237,2.0264876,2.1424682,53.68421,52.54448,0.44825098,0.38264278
64.32185,66.23862,0.70343405,0.7111073,2.0610235,2.1445644,52.997505,52.57348,0.3646858,0.38289437
70.20868,66.33263,0.7121558,0.71309954,2.4618714,2.149264,53.568794,52.635307,0.4203286,0.38272396
66.927826,66.36618,0.7458348,0.7139499,2.083001,2.1510603,52.028294,52.65865,0.4183706,0.38278398
68.0034,66.47575,0.5904342,0.7156821,2.1929913,2.155837,54.88456,52.721153,0.30673653,0.382217
64.81842,66.54058,0.6680583,0.71687794,2.3254385,2.1592135,53.484695,52.76157,0.389451,0.3818207
68.26841,66.610664,0.8083771,0.7185051,1.8572363,2.1622255,51.984386,52.80585,0.3815846,0.38162884
66.500244,66.69964,0.7362183,0.72042173,2.3117127,2.1668022,56.280678,52.86628,0.4222462,0.38158762
64.80744,66.83756,0.6584633,0.72353995,2.1199367,2.1743944,53.19174,52.96287,0.4073075,0.381371
70.44799,66.9524,0.65318906,0.72592723,2.2649505,2.181367,53.270954,53.04405,0.3169935,0.38116872
64.21811,67.05229,0.7166996,0.72804976,1.9758421,2.1874988,51.56678,53.11604,0.39914778,0.3808458
65.37346,67.149994,0.7356836,0.72932285,2.0635657,2.1934018,53.178535,53.176105,0.3675338,0.38002226
63.07994,67.21082,0.65741265,0.7301862,1.9189274,2.1967287,50.932053,53.210022,0.38613838,0.3794219
66.19997,67.27065,0.788701,0.73074263,2.2681992,2.2001135,53.447865,53.24239,0.3922891,0.37872306
70.078674,67.34961,0.76701903,0.7321365,2.4250154,2.204395,52.163292,53.290535,0.32726407,0.3780131
63.205383,67.444855,0.71894526,0.7340403,2.0098243,2.2107167,53.45906,53.357296,0.38134396,0.37738985
66.03369,67.522064,0.6698556,0.7354684,2.2503953,2.2160006,53.749928,53.409866,0.37893945,0.37679517
72.160095,67.579895,0.7818893,0.73640776,1.9798492,2.2200334,53.60055,53.448723,0.3253675,0.37645975
70.11476,67.67536,0.7429805,0.73807496,2.062862,2.2263222,51.7776,53.513245,0.39112252,0.37571517
63.914165,67.76123,0.6424173,0.73914206,1.9295998,2.2320833,52.46237,53.56547,0.37576687,0.37480944
67.65153,67.81113,0.7225158,0.7395763,2.2197163,2.2342045,53.015587,53.5854,0.40706185,0.3737096
71.612595,67.85577,0.85647726,0.740392,2.3563018,2.237313,55.957504,53.616028,0.3131644,0.37338424
65.07992,67.949585,0.726065,0.7419185,1.9985403,2.2448967,50.894943,53.684227,0.4034403,0.37266535
68.28174,68.022156,0.6844932,0.7435529,2.2553425,2.2505028,54.905907,53.73899,0.31753325,0.37203005
65.570045,68.07175,0.7454967,0.74466187,2.0670652,2.2540913,53.391117,53.7749,0.4008575,0.37154725
68.41551,68.14709,0.7830011,0.7458857,2.4359946,2.2605321,56.731327,53.831192,0.34609517,0.37114143
64.5122,68.27035,0.7718561,0.7481733,2.0958629,2.27058,52.70418,53.92447,0.45896465,0.37031054
68.92145,68.33284,0.77135617,0.74935395,2.4637194,2.2761927,56.25473,53.975605,0.38778353,0.37004915
67.41834,68.40347,0.7915404,0.75059694,2.1454508,2.282261,53.732334,54.028946,0.386304,0.36972958
70.89883,68.48996,0.8066206,0.75215816,2.3811886,2.2887087,55.29264,54.088974,0.36713377,0.36894438
67.587395,68.58408,0.75717986,0.75397897,2.082855,2.2965438,52.30281,54.161774,0.3711596,0.36836314
67.8991,68.67619,0.80677813,0.755496,2.1483295,2.3046064,52.861984,54.230927,0.4114956,0.36761832
65.26675,68.73315,0.7808103,0.75661343,2.102862,2.309309,53.36913,54.27411,0.37007952,0.3672708
68.92542,68.81277,0.83433235,0.75816673,2.2917635,2.3164735,55.276073,54.336456,0.39029175,0.36676642
66.02859,68.89632,0.7731041,0.7596817,2.3826306,2.3238044,56.0133,54.398365,0.39728945,0.36609095
67.23882,69.00708,0.7146682,0.76135474,2.177248,2.3331418,53.08518,54.473858,0.3974828,0.36506784
67.92162,69.100655,0.73851025,0.76273227,2.367142,2.34178,54.406483,54.544304,0.38004512,0.3645734
62.12236,69.254265,0.6983124,0.7653818,2.0957942,2.3557642,51.665558,54.659912,0.46494177,0.3630285
69.99865,69.36328,0.63998073,0.76725423,2.5696342,2.36562,54.40921,54.739113,0.32639766,0.36201996
69.151825,69.47958,0.768799,0.7693996,2.4387274,2.3766508,55.57486,54.826225,0.36263955,0.3609943
66.14967,69.567726,0.7165313,0.7705454,2.443124,2.384843,55.124527,54.885685,0.3642781,0.36026365
65.97185,69.61693,0.7635035,0.77119756,2.3838744,2.387877,54.272156,54.910847,0.3808855,0.359641
66.80996,69.66527,0.8054664,0.7719938,2.398226,2.3922071,54.57337,54.944904,0.36869112,0.35944885
74.33097,69.73393,0.7980582,0.7734989,2.631937,2.3986623,58.565765,54.996296,0.29717204,0.3590011
66.79339,69.82565,0.7785057,0.7757834,2.594573,2.4077682,56.60951,55.072487,0.39645883,0.35838166
71.76347,69.9207,0.8332337,0.77766335,2.3941424,2.4162955,56.566486,55.140633,0.33344692,0.3574486
71.35071,70.03416,0.7584101,0.77996784,2.561504,2.4263208,55.621536,55.2206,0.33496282,0.35626724
70.93949,70.2034,0.794661,0.78321636,2.6293373,2.4417746,57.648228,55.336647,0.37047622,0.3540581
68.61678,70.29659,0.77877384,0.78493154,2.5701032,2.4487908,57.459892,55.39083,0.39441594,0.35290605
66.16167,70.37572,0.756486,0.7865035,2.4261212,2.4562473,54.427166,55.443253,0.41065294,0.35172954
68.92787,70.462555,0.84352654,0.7883907,2.6058657,2.4636693,56.349304,55.500942,0.3962815,0.35085815
60.035145,70.5502,0.701728,0.7906529,2.1137013,2.4712696,50.02122,55.56029,0.5279807,0.34970838
64.89691,70.61602,0.77464515,0.7918554,2.129948,2.4767814,53.149124,55.60073,0.4272781,0.3491946
70.22947,70.73864,0.7464636,0.79409415,2.5347245,2.4870048,56.21883,55.671543,0.38728803,0.34768248
66.83289,70.76479,0.75889575,0.7942269,2.341052,2.4863214,53.795864,55.671432,0.43556723,0.34738934
70.45925,70.80294,0.72622806,0.79503906,2.5672212,2.4879642,56.091087,55.686054,0.31184143,0.34678885
74.21961,70.82849,0.8631404,0.79521513,2.758017,2.487253,58.30897,55.684635,0.36321113,0.34624052
72.30359,70.94593,0.8312532,0.7983711,2.5567508,2.4992738,55.987545,55.779026,0.32247153,0.34549662
67.87455,71.06383,0.75716,0.8016128,2.406877,2.51232,56.002308,55.874855,0.36784846,0.34479257
68.599525,71.11217,0.7288093,0.80360943,2.6238673,2.5201952,56.645817,55.9322,0.33898905,0.34523764
68.83807,71.224014,0.6807096,0.80733085,2.5898874,2.535422,56.12821,56.039227,0.32809523,0.34475592
70.8108,71.28069,0.85217994,0.80927336,2.5125866,2.5436459,56.64559,56.094627,0.36100346,0.34480938
65.9566,71.29257,0.77089363,0.8097463,2.356779,2.5446906,54.473434,56.104717,0.39767835,0.34506804
69.08134,71.34528,0.6968491,0.8115823,2.5149088,2.5503669,55.30717,56.148327,0.32860637,0.34509528
72.41336,71.46324,0.7978746,0.8154027,2.673087,2.5644314,57.721935,56.249084,0.35751504,0.34456873
71.5516,71.53534,0.74684227,0.8182781,2.6726413,2.572545,57.290558,56.31376,0.338298,0.3447181
73.5782,71.63134,0.8236811,0.82233286,2.586702,2.5853894,58.58086,56.40689,0.33022892,0.3444901
71.36998,71.72974,0.83237326,0.82586193,2.5052912,2.5983949,55.243843,56.49455,0.3853151,0.3442411
66.29277,71.84144,0.7991884,0.82982033,2.4014616,2.6121259,55.72019,56.5887,0.43183613,0.34397793
76.15837,71.84125,0.8766118,0.82957035,2.5047398,2.610468,58.767956,56.580647,0.31419933,0.3440274
72.06225,71.92714,0.77452654,0.8324375,2.7099826,2.6196864,56.848686,56.64483,0.34782115,0.34352636
72.31259,71.97265,0.85327345,0.8338586,2.5312753,2.623281,58.011932,56.676098,0.34736302,0.3429882
69.92576,71.98917,0.82757866,0.83430433,2.4362068,2.6237085,54.87922,56.682926,0.3902414,0.34277946
74.928,72.0019,0.84545296,0.83502984,2.6556182,2.6249652,57.40144,56.694557,0.32807606,0.34306318
67.42871,72.00468,0.7431231,0.83502054,2.746228,2.6230483,56.355625,56.68899,0.36394572,0.34313956
69.02038,71.97692,0.7854889,0.8341701,2.6479437,2.619176,54.619057,56.665012,0.36952585,0.3433692
67.72011,72.04387,0.75500166,0.8364063,2.795045,2.627217,57.096855,56.717724,0.35778344,0.342835
67.40935,72.10491,0.815554,0.8383141,2.5582263,2.6329432,54.08428,56.76112,0.38535714,0.34216526
76.646645,72.14486,0.85375637,0.8396037,2.8542144,2.636212,60.42292,56.78784,0.31567824,0.34161603
67.04364,72.162544,0.80990744,0.8399634,2.4208522,2.6370935,53.416393,56.79577,0.4015766,0.34140933
71.66235,72.190475,0.8127823,0.84078133,2.7233536,2.639444,58.542435,56.81668,0.34172538,0.34109083
75.49189,72.20172,0.86213845,0.84074104,2.6556349,2.63888,59.215973,56.817554,0.3147524,0.3408178
75.42341,72.255646,0.8703301,0.8423529,2.8314648,2.6411715,58.57483,56.845966,0.31415892,0.34002432
74.53142,72.29385,0.82981205,0.8437952,2.8126533,2.6446595,59.071693,56.874832,0.34897017,0.3399012
74.056595,72.3347,0.8471222,0.84535664,2.5582957,2.646525,57.694817,56.89878,0.33777195,0.3394597
68.68646,72.35964,0.8343125,0.84589124,2.4762394,2.6454854,55.83007,56.903862,0.35084453,0.33924323
75.65905,72.37968,0.86178833,0.8461751,2.884231,2.6416025,58.156796,56.89777,0.3618608,0.33867887
71.04872,72.403076,0.9184122,0.84747106,2.6217136,2.6405683,57.500973,56.908783,0.39311972,0.33873263
71.38533,72.40526,0.7908656,0.8476962,2.8817341,2.6424396,57.182293,56.91595,0.33736897,0.33872378
71.02876,72.4214,0.79258245,0.8483945,2.5704632,2.6460292,58.648514,56.936466,0.35577014,0.33845824
69.547356,72.42737,0.79013455,0.84872675,2.5202289,2.6479228,55.359524,56.944958,0.41934627,0.3386454
70.76611,72.424255,0.9114896,0.8486425,2.940589,2.6488743,58.72186,56.94744,0.3776726,0.33875293
72.64429,72.422646,0.8563188,0.8490399,2.7040305,2.650823,57.80365,56.954144,0.33452523,0.33901125
69.95491,72.42429,0.8266331,0.8490388,2.5939577,2.6498747,55.255554,56.951626,0.37758857,0.33906007
69.116066,72.435295,0.7214849,0.8497373,2.384354,2.6511886,53.448696,56.963493,0.3309422,0.33892295
68.97176,72.445526,0.7903402,0.8494556,2.5616412,2.6498444,54.98264,56.961544,0.38743034,0.33844364
71.70316,72.43389,0.87541586,0.8486367,2.7685547,2.6476488,59.189697,56.947815,0.37315613,0.33832255
73.312,72.43817,0.7682419,0.8484843,2.5830882,2.6465893,56.522842,56.94424,0.29215908,0.33809474
73.978714,72.45367,0.8308984,0.8480609,2.6371691,2.642918,57.1663,56.931633,0.30456218,0.33747983
74.61263,72.46201,0.8270966,0.84782016,2.7934527,2.6373625,58.80858,56.91194,0.36485457,0.33673933
74.45673,72.46905,0.9018433,0.8479526,2.9678545,2.6351457,59.68206,56.910366,0.31310797,0.3367785
74.933,72.49717,0.841423,0.848411,3.1468134,2.6325634,59.29565,56.91147,0.3055163,0.33658266
75.45192,72.50923,0.86217034,0.8486622,2.6552413,2.629625,59.252335,56.90643,0.33383736,0.3365956
74.46423,72.49914,0.82789373,0.8489236,2.6051712,2.6271844,58.93438,56.89837,0.28407246,0.337362
74.804184,72.49059,0.8802958,0.8488693,2.75353,2.620305,58.225937,56.874783,0.34632564,0.33808374
71.9973,72.471054,0.86349434,0.8486873,2.6350656,2.6183076,56.955284,56.863724,0.4152584,0.3387428
74.28632,72.4967,0.80089974,0.84930724,2.7507522,2.621395,58.42488,56.8828,0.30004218,0.33854538
72.89602,72.52397,0.8932718,0.8498488,2.5938559,2.624387,57.902443,56.902412,0.31793946,0.33794016
75.99252,72.53786,0.81711465,0.8500963,3.0037675,2.6254625,60.45531,56.910362,0.23626058,0.33759564
78.449684,72.55569,0.8898628,0.8499942,2.8081589,2.6231284,57.72508,56.90567,0.30978376,0.33662063
75.175156,72.5453,0.8450827,0.8490355,2.8946178,2.617131,58.774536,56.876366,0.31702113,0.33661836
69.82881,72.5572,0.7826812,0.8485094,2.5015774,2.6148503,55.701866,56.86801,0.39079762,0.33579737
71.98148,72.58291,0.81157273,0.84985447,2.553655,2.6203325,56.84896,56.90445,0.34322736,0.33526188
71.349365,72.59724,0.7490994,0.84979784,2.2079337,2.6192477,54.6803,56.904293,0.28231663,0.33444208
73.610916,72.58748,0.8741099,0.8479977,2.8817687,2.6125762,58.438393,56.86541,0.32738563,0.33343747
69.640076,72.59528,0.80752945,0.84804684,2.4323826,2.612605,56.830208,56.865585,0.38923708,0.33308357
71.92632,72.606445,0.7872111,0.84895295,2.6290984,2.6187267,56.557487,56.896885,0.32067364,0.33343422
68.96895,72.62811,0.76936466,0.8498533,2.368966,2.6190145,55.977196,56.909374,0.3601267,0.33332327
75.49303,72.60547,0.734851,0.8489591,2.8451672,2.6165106,57.95047,56.889317,0.3469174,0.33345842
64.7251,72.59947,0.6952203,0.8489188,2.6407568,2.6155798,55.07248,56.885662,0.34216017,0.33359975
71.21735,72.6152,0.8389935,0.8491108,2.7125907,2.6178582,57.791466,56.900738,0.4050688,0.33301356
79.49569,72.62859,0.9018892,0.848999,2.8895545,2.6175659,60.733147,56.900864,0.3004805,0.3327454
75.96167,72.62489,0.927704,0.84862435,2.6010034,2.6152005,57.325592,56.89065,0.32958063,0.33271015
73.12231,72.64003,0.74843645,0.8491392,2.682084,2.612519,57.351612,56.889427,0.29197237,0.3327733
73.81054,72.64469,0.88561654,0.8485804,2.5099614,2.6060557,56.054855,56.86507,0.27765888,0.33224493
71.37374,72.649254,0.76451826,0.8478755,2.4865477,2.60168,55.7295,56.844315,0.36407766,0.33166826
72.61409,72.64085,0.8143548,0.84740263,2.4844747,2.6007805,55.466343,56.837677,0.34023795,0.3316157
69.46826,72.61799,0.8391715,0.8465986,2.4699929,2.596749,56.05307,56.814655,0.41397882,0.33185747
75.67335,72.54579,0.88020694,0.84395266,2.6235995,2.5889473,58.115444,56.757126,0.31917098,0.33307022
72.20869,72.49225,0.80589885,0.8428084,2.6874595,2.586086,57.584137,56.730297,0.3052703,0.33463353
78.696045,72.52971,0.8705101,0.843453,2.7959082,2.5880938,58.609707,56.748234,0.29863322,0.3339188
72.432465,72.52512,0.83667105,0.84330463,2.6722386,2.585302,58.794186,56.735893,0.26529962,0.33442876
71.97685,72.57397,0.7979853,0.84317845,2.4033957,2.583884,57.001118,56.7352,0.3226429,0.33247945
72.97889,72.53376,0.77034426,0.8413512,2.4984367,2.5762181,57.882706,56.685837,0.2996857,0.33207512
68.74726,72.54577,0.8005159,0.8405148,2.4161146,2.5743656,53.763603,56.67332,0.40494046,0.330831
70.33845,72.542694,0.7856409,0.8401242,2.4199164,2.5714338,55.06007,56.659546,0.38738704,0.33033794
70.41419,72.49032,0.7718121,0.8380059,2.3205323,2.5640233,54.25195,56.60927,0.3458523,0.33082402
71.03421,72.39915,0.88732225,0.83489954,2.4691324,2.5559406,55.68972,56.543995,0.41091183,0.33211905
71.488464,72.34702,0.79844564,0.8332014,2.6012902,2.5507421,56.33424,56.507446,0.33955762,0.33311802
66.09328,72.29715,0.7976565,0.8302045,2.2421517,2.5370715,54.030468,56.426983,0.4587358,0.33331862
75.94243,72.14263,0.7452473,0.825293,2.64848,2.5190566,57.935215,56.298126,0.25258029,0.33525622
71.91031,72.09978,0.8105958,0.8227543,2.49916,2.505898,54.620663,56.218662,0.31846082,0.33454075
74.361115,71.982925,0.89020026,0.81777585,2.4939256,2.489865,57.655666,56.09404,0.32881835,0.33434397
71.62246,71.96609,0.790232,0.81652564,2.4026897,2.4824476,55.87298,56.051266,0.3561967,0.33395505
73.28868,72.00013,0.8979739,0.8176972,2.4696379,2.4914298,55.929527,56.115376,0.3335415,0.33366466
79.299095,72.054565,0.86798507,0.81938916,2.8618698,2.5001552,60.36598,56.170216,0.31095275,0.33305275
69.92727,72.12712,0.8029448,0.8227533,2.0621674,2.5099168,53.60514,56.25082,0.3715144,0.33354938
76.728714,72.060524,0.8395013,0.82121456,2.5019805,2.5057545,56.77565,56.22097,0.24280961,0.33492082
72.52253,71.98172,0.87718856,0.8191428,2.484519,2.4948592,58.31798,56.14882,0.38513216,0.3356265
76.4988,71.886826,0.8483094,0.8168134,2.640177,2.4858623,57.319244,56.08473,0.2832374,0.3368804
70.48724,71.83911,0.85855424,0.8157317,2.4561079,2.4768972,54.685276,56.03982,0.41023004,0.33747005
71.4016,71.668816,0.7801546,0.8116292,2.5587504,2.4580286,56.452106,55.912064,0.3521036,0.33995605
73.17421,71.58707,0.8114078,0.8100202,2.5260143,2.4521906,56.64296,55.870476,0.3527813,0.34118664
74.31025,71.66523,0.8004768,0.81082815,2.8668458,2.4570727,57.55488,55.903984,0.30907124,0.33961153
73.43157,71.66179,0.81206006,0.8109216,2.5063858,2.4558094,55.696926,55.901833,0.37019765,0.33961612
70.05674,71.678986,0.8578594,0.81101775,2.3889017,2.457779,56.736687,55.91759,0.380801,0.33984208
71.58114,71.74961,0.8345288,0.8118697,2.425765,2.4612107,56.742973,55.944332,0.3510131,0.3385415
72.29914,71.79434,0.85551816,0.8127159,2.244196,2.4633174,55.32566,55.963806,0.41023654,0.3377596
73.021194,71.815735,0.8102436,0.81307566,2.4058614,2.4658768,56.354767,55.97887,0.3658408,0.33703098
75.010414,71.78517,0.8264594,0.81271863,2.61001,2.4659555,56.81893,55.975574,0.26525927,0.3379674
74.78955,71.72382,0.87222373,0.81127614,2.8481555,2.4603057,57.99771,55.932358,0.3343212,0.33852527
70.80697,71.663185,0.8451115,0.8104577,2.273993,2.4522064,55.04475,55.88495,0.37318274,0.33954567
72.2127,71.59009,0.80853033,0.808682,2.3570294,2.4475045,55.928707,55.846985,0.3246282,0.34062633
70.37433,71.415,0.8118073,0.804669,2.566487,2.4345455,57.010597,55.7399,0.33488458,0.3424463
69.11499,71.33493,0.7540525,0.80304646,2.3676968,2.4281778,55.210033,55.690716,0.35424185,0.34374043
66.66342,71.20922,0.74425894,0.80052394,2.234756,2.418606,54.056408,55.61737,0.3970937,0.34536618
71.69652,71.0567,0.7875755,0.7970116,2.4719214,2.409577,55.758266,55.534386,0.36559185,0.34735814
69.67168,71.00798,0.7984637,0.79554003,2.1820416,2.405808,53.788982,55.499413,0.37183592,0.34796512
66.74477,71.022125,0.7185852,0.79563534,2.4883726,2.4082673,54.57216,55.51196,0.35863766,0.34780478
74.08659,71.014015,0.7561726,0.7946521,2.6451514,2.4079072,57.18664,55.498272,0.24275188,0.3475117
72.32595,70.99766,0.838851,0.79346555,2.2923882,2.4017608,56.98826,55.453957,0.3477278,0.34671268
68.73536,70.97335,0.67025113,0.79200566,2.2737696,2.395731,55.37507,55.407406,0.33050305,0.34600198
69.537384,70.974815,0.8445516,0.79206276,2.340937,2.3969707,54.793293,55.414112,0.36791652,0.34568584
63.5052,70.968094,0.6679275,0.79145586,2.1710966,2.395441,51.53087,55.396915,0.43223947,0.34507895
71.26836,70.94336,0.79318297,0.7908524,2.333627,2.3967984,54.345715,55.395447,0.359041,0.3454434
72.60766,70.91529,0.8759119,0.7898774,2.4174898,2.393788,57.023727,55.364464,0.37611014,0.34496874
70.039375,70.84516,0.7533828,0.7883896,2.6418996,2.388366,56.99815,55.31689,0.36641142,0.34556347
67.44356,70.777466,0.8107129,0.7865973,2.2682035,2.3841796,53.466946,55.272495,0.4422325,0.3462814
74.8058,70.67349,0.7487892,0.78445375,2.239212,2.3789752,55.82748,55.218475,0.29932004,0.34768105
69.29584,70.67429,0.6866097,0.784537,2.1962705,2.3808837,52.584995,55.228115,0.38736585,0.34783342
68.75438,70.53726,0.752682,0.7815918,2.2970374,2.3743467,54.05281,55.15641,0.36264226,0.35000902
65.1223,70.38439,0.7681211,0.7778777,2.2260003,2.3634021,54.09816,55.046844,0.41762722,0.35095719
72.500046,70.22545,0.8067314,0.7746799,2.4111722,2.354144,56.405453,54.95253,0.34665757,0.35283607
70.5128,70.10062,0.71433395,0.7719317,2.3530724,2.3436415,55.255005,54.856297,0.3413444,0.3533563
68.800446,69.913155,0.7660077,0.7688041,2.5114818,2.3325515,53.961205,54.750576,0.42593303,0.35576716
64.257866,69.69206,0.7255421,0.764591,2.2530932,2.3205402,53.061745,54.623505,0.45630917,0.3584105
66.42109,69.558304,0.7235196,0.76200914,2.0912447,2.313592,51.692627,54.548164,0.4120264,0.36002463
74.58065,69.44079,0.78880227,0.7596393,2.6276743,2.3086963,55.831306,54.485466,0.33576167,0.36167407
66.90949,69.34309,0.7593941,0.75810814,2.2127626,2.3033283,54.481857,54.432076,0.41741303,0.36294365
66.8755,69.24511,0.69862247,0.7565129,2.3131888,2.2991767,53.27242,54.384823,0.38216192,0.36442858
67.18171,69.19972,0.72418165,0.7556339,2.3887331,2.2973006,53.581425,54.36154,0.42815837,0.36491126
65.52994,69.138145,0.6906446,0.75461274,2.1459858,2.2942414,52.71478,54.329338,0.4240245,0.36570194
64.01927,69.06858,0.7316535,0.75325924,1.9800423,2.2901926,52.105095,54.28563,0.41123527,0.36609244
63.40774,68.97789,0.7375758,0.7516841,2.0653906,2.285849,51.266224,54.23594,0.4261617,0.36704826
69.20145,68.85621,0.6961282,0.7493561,2.3318133,2.2812512,54.39699,54.170918,0.28152248,0.3681752
65.762535,68.75716,0.69730556,0.7474877,2.228865,2.2758029,53.888798,54.108486,0.411018,0.368769
64.71493,68.638916,0.66271555,0.74525946,2.2677588,2.271358,55.45985,54.045296,0.3419835,0.37004498
63.91383,68.57579,0.74422586,0.7426855,2.0626998,2.266605,51.38626,53.97638,0.40736252,0.36880186
65.30189,68.474144,0.7363144,0.7403065,2.2413888,2.261985,53.77542,53.911125,0.42919153,0.36901224
65.777405,68.40732,0.69096816,0.7386742,2.3350103,2.2580948,52.868298,53.861725,0.41235912,0.36877775
69.97392,68.32839,0.6797088,0.73716915,2.322331,2.2546296,54.167213,53.81675,0.3648657,0.3692601
71.241936,68.28426,0.8094501,0.7362161,2.4580271,2.2522562,55.022766,53.78733,0.33250803,0.36941588
71.718254,68.22282,0.8554228,0.7351061,2.3488555,2.2495394,54.410805,53.754456,0.39156386,0.36989304
63.732616,68.16967,0.6848839,0.7344081,2.26268,2.2478452,51.09073,53.733337,0.45244086,0.37067235
67.75025,68.07114,0.6741885,0.73259604,2.2041955,2.2448533,54.471783,53.68695,0.42022538,0.37189132
65.335144,67.96098,0.6758698,0.73061717,2.243648,2.2415204,51.704872,53.63536,0.4151883,0.37321702
67.17727,67.85612,0.744239,0.72865194,2.0026588,2.2380733,53.056393,53.582138,0.41949788,0.37427652
63.48736,67.8024,0.71360207,0.7276988,2.0818093,2.2358727,51.385956,53.553116,0.42853436,0.37465158
69.598785,67.74346,0.72363144,0.7267552,2.4574895,2.2336452,54.62446,53.52388,0.36153817,0.37533027
69.17889,67.66453,0.86419374,0.7253699,2.6162999,2.230588,55.592922,53.481014,0.4065288,0.37594777
67.737206,67.57993,0.69457394,0.72403765,2.6071098,2.2279274,54.80298,53.442913,0.3598192,0.3768523
65.4724,67.47474,0.7056559,0.72201365,2.416323,2.2248216,55.42759,53.391106,0.35656932,0.37762806
64.16828,67.375786,0.7316508,0.72022307,2.0674047,2.221805,52.26124,53.341995,0.4264988,0.37836295
66.71207,67.2912,0.644537,0.71819574,2.3594244,2.2192025,53.81303,53.293705,0.37774757,0.37850803
68.314674,67.1972,0.76092017,0.71615255,2.1355696,2.216125,52.90471,53.24115,0.42289516,0.37872437
62.806297,67.06274,0.63046736,0.71403897,2.2349217,2.21246,52.408684,53.179962,0.39927816,0.37994954
65.82298,66.94812,0.69953084,0.7117889,2.4350405,2.2095532,53.959045,53.12237,0.38425437,0.3807465
64.51233,66.86201,0.73264194,0.7104131,2.0236263,2.2074394,50.960148,53.084076,0.43903446,0.38163218
68.347626,66.746895,0.67421645,0.7086052,2.4659808,2.2047212,54.912292,53.033146,0.41638592,0.38298815
60.619858,66.64617,0.64547694,0.7071421,2.2615235,2.2016559,51.2118,52.986713,0.43884587,0.38413605
63.727325,66.517876,0.64782596,0.70515203,2.1692533,2.1983495,52.583824,52.9307,0.44488835,0.38561514
68.669945,66.42803,0.6579478,0.704087,2.5716376,2.1957538,54.96462,52.89155,0.3295156,0.38667607
61.68759,66.32543,0.6004695,0.7022248,2.3405223,2.1930418,49.966072,52.843025,0.40881607,0.38758466
66.75498,66.17308,0.6711303,0.6992416,2.3521545,2.1898165,53.05892,52.770733,0.38732088,0.3890073
61.124893,66.08093,0.68071425,0.69761956,2.0028045,2.1872077,51.35197,52.72451,0.49411702,0.3898629
67.28639,65.955475,0.7221207,0.69561726,2.3611784,2.18379,53.21864,52.66734,0.39112976,0.39122346
67.61547,65.85925,0.64165485,0.6941722,2.5532272,2.180722,54.517036,52.621902,0.3592617,0.39215124
63.636154,65.8002,0.6930549,0.6934844,2.3833199,2.1791549,52.851467,52.59809,0.4236168,0.39299345
65.76789,65.72291,0.7075336,0.692307,2.3598738,2.1779208,54.088882,52.566055,0.4123475,0.39387333
64.437035,65.68992,0.6797319,0.69202006,2.0144103,2.1766179,52.066517,52.54835,0.4185258,0.3945145
65.79805,65.662964,0.7725397,0.69147897,2.105556,2.1746075,53.53358,52.525105,0.43978092,0.39482072
63.696682,65.69225,0.6530584,0.6926756,2.035732,2.1732004,51.649315,52.53103,0.3519737,0.3948752
61.339565,65.705826,0.60035956,0.69263256,1.9939431,2.1721056,50.77356,52.523087,0.38520882,0.3942132
60.132095,65.66481,0.5577134,0.69149584,2.1248736,2.1701856,49.57382,52.492054,0.45619026,0.3939407
60.127308,65.55665,0.6378386,0.6891261,2.2265162,2.1672163,50.070866,52.432957,0.45339602,0.3941508
66.82695,65.426285,0.6855956,0.6865523,2.2922058,2.1638272,53.18837,52.36693,0.3417877,0.3949117
67.58641,65.34266,0.67436415,0.68469274,2.1867702,2.1608396,52.68607,52.31707,0.41291952,0.39526057
67.39074,65.25434,0.7152621,0.68315667,2.4245534,2.1583567,54.74824,52.274796,0.36592454,0.3961755
68.16211,65.229454,0.7395596,0.6821401,2.074501,2.1575675,52.91739,52.256435,0.37066373,0.39607242
65.25586,65.21102,0.8091335,0.68135124,2.0456586,2.1566565,52.70837,52.239864,0.40552548,0.39587367
64.283676,65.20362,0.6710572,0.6810211,2.0604045,2.1561513,51.469837,52.23196,0.41465122,0.3956647
58.420105,65.19197,0.70460683,0.6810815,2.1664844,2.1554368,50.282833,52.226795,0.509646,0.39568448
65.63103,65.106346,0.5865377,0.6789688,2.2777429,2.153911,52.75239,52.18424,0.35556573,0.3964039
63.947384,65.09795,0.7123493,0.67954946,2.40364,2.1527398,54.37006,52.18225,0.49289834,0.39697564
67.27877,65.04,0.68031245,0.67938495,2.0742655,2.1518202,53.31176,52.16721,0.36516297,0.3987744
68.16005,65.08306,0.69926465,0.6815928,2.5130215,2.1526065,53.91991,52.20028,0.40633798,0.39970267
66.54373,65.01895,0.62912154,0.6807905,2.323827,2.1519666,52.893394,52.179317,0.3573868,0.40108374
64.04321,64.938805,0.6912091,0.67867804,2.0917025,2.1517186,53.796093,52.14627,0.40426153,0.40192187
61.56328,64.85259,0.65972984,0.6769531,2.4660466,2.14948,51.790604,52.102947,0.49178302,0.40279922
68.091324,64.73921,0.66622186,0.6745684,2.46134,2.1468313,53.872517,52.047146,0.35170233,0.40382895
60.533966,64.6844,0.6352221,0.67333996,2.1183484,2.1448317,51.88824,52.015606,0.4206463,0.40426087
67.99702,64.60641,0.7103699,0.67143804,2.2176654,2.1428638,53.78831,51.973747,0.337145,0.40482098
67.577,64.62171,0.7235708,0.671656,2.4239883,2.141873,54.699005,51.971146,0.37586784,0.4042452
63.3622,64.578865,0.63679063,0.6704982,2.3621576,2.1404572,52.97205,51.94486,0.40710363,0.40429896
64.634544,64.49495,0.699765,0.66833806,2.0413778,2.1398628,51.539326,51.908886,0.41739625,0.40509704
61.23772,64.413445,0.54327315,0.6665482,2.2426016,2.1373901,50.958515,51.864624,0.45635462,0.40580595
65.80034,64.33389,0.6788986,0.6650028,2.0498776,2.1349645,51.982937,51.824142,0.3887803,0.40694982
60.457993,64.29447,0.59576815,0.6635684,2.018261,2.132148,50.31154,51.786865,0.44772685,0.4070179
64.49731,64.28617,0.6155364,0.66307586,2.0990896,2.1290357,52.489845,51.761288,0.29211038,0.4072789
61.76697,64.33684,0.6292213,0.6638174,2.268623,2.126521,51.032238,51.75943,0.37700275,0.40625346
66.3001,64.32059,0.6495794,0.66338646,2.2118602,2.1228452,53.58587,51.729618,0.346501,0.40582067
63.319477,64.32639,0.73906213,0.6629785,1.999791,2.1212165,51.218452,51.714897,0.41329715,0.40522915
63.09858,64.35077,0.6015755,0.66352236,1.9073207,2.1201289,48.70736,51.716076,0.39092508,0.40470162
63.121487,64.318184,0.62173116,0.6629003,2.200105,2.1185484,51.029552,51.694923,0.34002036,0.4043719
63.14381,64.29457,0.60951805,0.66198444,2.0996614,2.1162045,50.98793,51.666767,0.38019598,0.4042006
66.32244,64.2649,0.7130978,0.66095966,2.1771698,2.1134944,52.907906,51.635033,0.37514058,0.40379497
66.25029,64.25996,0.69814324,0.6599797,2.3270712,2.1114292,54.110523,51.61081,0.3446886,0.4027877
62.293045,64.28466,0.576002,0.65990496,2.0984952,2.110335,51.587406,51.6055,0.45608535,0.40182126
65.03516,64.31723,0.63128465,0.66017455,2.2450778,2.1102343,51.632923,51.611557,0.33755913,0.40134746
67.88345,64.3418,0.7420891,0.6601445,2.1509314,2.1090264,53.652737,51.60447,0.3591727,0.4000718
66.90766,64.43088,0.6779092,0.66198385,2.2925704,2.1078744,52.65238,51.624554,0.34441262,0.3985282
60.920937,64.516495,0.6162425,0.66324997,2.111583,2.1087663,50.114437,51.650307,0.3934442,0.3970304
66.52283,64.5549,0.60819334,0.663047,2.2201364,2.1085696,53.08136,51.650814,0.29874593,0.39583877
61.549522,64.60239,0.6642014,0.66273177,2.0620577,2.1072645,50.47212,51.64375,0.43533224,0.3941079
62.70341,64.63542,0.6176851,0.6625561,2.1932592,2.1048176,52.623783,51.6307,0.3884938,0.39300036
63.399532,64.693184,0.5849583,0.6634942,2.0664144,2.1040118,49.602303,51.642353,0.35547152,0.39198977
60.509342,64.68793,0.59804535,0.6625826,1.629792,2.1037047,48.431053,51.629227,0.38393256,0.39131206
66.6764,64.65857,0.73619664,0.6610229,2.1587703,2.1017394,53.505703,51.59563,0.38626996,0.3904002
65.5237,64.683716,0.6399896,0.66084605,1.8831888,2.101433,51.43504,51.59453,0.32673633,0.38956293
64.33954,64.72887,0.63276625,0.6614609,2.2643611,2.1004105,51.73974,51.59996,0.3428682,0.38860005
68.73395,64.75635,0.6320288,0.6623985,2.185353,2.1004465,52.895733,51.612625,0.2797866,0.38818905
67.5374,64.859085,0.7230319,0.6642476,2.044448,2.1025164,54.438797,51.65577,0.32169232,0.38717782
67.311516,65.0076,0.618677,0.6661003,2.5144145,2.1059225,53.0291,51.713142,0.34998646,0.3852512
69.27618,65.01487,0.69884866,0.6661689,2.1950223,2.106215,54.280277,51.71396,0.32430473,0.38483018
63.011112,65.08654,0.5987295,0.6667564,1.908262,2.1067193,51.40789,51.731052,0.39108658,0.38350865
62.15764,65.1907,0.6240436,0.6683156,1.8766632,2.1077564,50.695923,51.76622,0.37630084,0.38238811
63.18541,65.27386,0.67479396,0.6698706,2.1123056,2.1081467,51.878693,51.793804,0.38699415,0.38129377
67.93014,65.328,0.5635226,0.67035633,2.1399853,2.1079068,51.92881,51.801746,0.30009177,0.3798961
66.76423,65.42251,0.68184745,0.6718723,2.0731297,2.1090767,51.976128,51.835537,0.36971483,0.3785529
65.67222,65.484856,0.7038588,0.6724823,2.168534,2.109959,53.805367,51.853977,0.40577468,0.3773142
60.75342,65.56799,0.6351546,0.67371404,2.155415,2.110026,49.938698,51.8772,0.4362071,0.3760119
66.597466,65.67743,0.6727398,0.675128,2.1700332,2.1111867,53.218143,51.9122,0.40269145,0.3743047
65.978195,65.73563,0.7168415,0.67551696,2.0735133,2.109793,52.346905,51.91609,0.3442824,0.37311706
64.50398,65.84242,0.65619916,0.6770294,1.8843389,2.1106856,49.738243,51.951424,0.38710105,0.37174538
69.36412,65.99577,0.69153947,0.6803392,1.9956259,2.1127656,52.599735,52.018032,0.3241799,0.37024638
64.52124,66.12822,0.6805993,0.6832311,1.9488406,2.1155214,51.238335,52.081043,0.41753703,0.36869285
65.147,66.25846,0.6717632,0.6854456,1.9961815,2.118009,51.372597,52.135323,0.37787095,0.36698443
59.054153,66.350685,0.5966612,0.6867726,1.8439386,2.118709,49.168774,52.164543,0.49751222,0.365339
66.6565,66.41329,0.6817412,0.68813443,2.1037464,2.1192558,51.274937,52.194725,0.32695392,0.3649036
62.42222,66.49358,0.67831516,0.68948144,1.8178102,2.119969,48.761898,52.223267,0.38630846,0.3636839
70.21445,66.57741,0.77623475,0.69046354,1.9626994,2.1210423,53.64094,52.248375,0.28427696,0.36220542
67.48157,66.76423,0.63810486,0.6935249,2.2018104,2.12637,52.164345,52.332954,0.2867176,0.35971296
70.05323,66.90142,0.7146384,0.6948579,2.2791429,2.132442,54.41573,52.389023,0.2884962,0.35699052
64.21025,66.98335,0.6398703,0.696035,2.0787055,2.135092,51.903778,52.4204,0.38331857,0.35490224
64.210045,67.06537,0.6615413,0.6972752,1.9269142,2.1385503,51.276237,52.462845,0.40079632,0.3536446
65.680885,67.11092,0.7207555,0.6978884,2.1585653,2.140344,53.427685,52.48499,0.3175362,0.3530079
67.46967,67.23001,0.64545417,0.69984263,2.0724506,2.1469767,51.76663,52.557648,0.34205002,0.35206163
70.45772,67.362366,0.78966653,0.70238507,2.6347733,2.1535068,56.534218,52.637737,0.36784822,0.3510847
72.23373,67.50916,0.7294028,0.70524466,2.3629835,2.1605604,55.270683,52.7232,0.28346527,0.34996963
70.43613,67.64532,0.72020245,0.70761085,2.3747475,2.1673295,53.244343,52.800335,0.3244177,0.34891555
64.02159,67.77427,0.6338886,0.7104496,1.8533934,2.173994,51.809803,52.882744,0.35256305,0.3478755
64.378075,67.88722,0.66605425,0.7127355,2.2032378,2.180591,51.797005,52.95774,0.36648804,0.34721723
68.429184,68.054085,0.7516319,0.71662915,2.2015755,2.1902883,54.74518,53.070953,0.35908124,0.3460306
71.35875,68.18451,0.68328,0.71962625,2.554227,2.198137,54.656406,53.156384,0.2586142,0.3451713
69.0626,68.28581,0.72735196,0.7212467,2.4643137,2.203753,55.426247,53.210075,0.3493441,0.34403276
67.60368,68.39916,0.7025887,0.7237529,1.9770558,2.210287,52.54033,53.28283,0.35852394,0.34308624
63.71647,68.49545,0.78539675,0.7254135,1.9659672,2.2167065,53.76554,53.342743,0.39589518,0.34220397
66.32103,68.55308,0.6778353,0.7265915,2.2380364,2.22057,54.040764,53.3848,0.3490328,0.34213609
69.97752,68.62643,0.68771493,0.72791976,2.2133098,2.2244153,53.621662,53.426823,0.28100702,0.3414681
68.43053,68.74393,0.7607872,0.73019445,2.3532422,2.2312655,55.67524,53.500084,0.34167716,0.3403734
68.52838,68.826454,0.6622101,0.73190784,2.1290243,2.2369175,54.466316,53.556297,0.3435545,0.33971828
65.83193,68.89973,0.6046899,0.7334429,2.313577,2.2421958,52.510826,53.61019,0.3379701,0.33937886
69.98139,68.97384,0.66517407,0.7347164,2.1982346,2.2469914,53.283504,53.65653,0.31865263,0.338771
63.741028,69.08493,0.67151386,0.73700917,1.9589719,2.2545161,51.282436,53.733128,0.38449612,0.33799842
68.55587,69.15975,0.7031271,0.73843336,2.518131,2.26092,55.87849,53.794632,0.3789118,0.33806568
71.889565,69.2465,0.6889649,0.74022186,2.4772456,2.26753,55.479465,53.860573,0.30398375,0.33797798
73.20482,69.35825,0.6625247,0.74262273,2.456484,2.276447,55.165993,53.94683,0.236568,0.3377313
70.30762,69.4543,0.74998516,0.7442733,2.5232644,2.283174,55.85346,54.008465,0.34368965,0.33705044
67.02628,69.54703,0.6746893,0.7465585,2.3128889,2.2895103,53.951523,54.07497,0.39063054,0.3363402
74.489784,69.5866,0.82551354,0.7473105,2.5779498,2.2935605,55.001152,54.108707,0.28410786,0.3364728
70.02146,69.72338,0.6992357,0.7507639,2.277962,2.302888,54.354748,54.20676,0.31114233,0.3352092
67.09678,69.78424,0.74270254,0.7520688,2.3058603,2.3074696,53.36828,54.24705,0.33187318,0.334621
64.65566,69.832054,0.6699192,0.75344336,1.9852884,2.311997,52.875637,54.29019,0.36046913,0.33456802
70.9554,69.86551,0.80327374,0.7543847,2.036102,2.3149984,53.325638,54.32104,0.3595582,0.33457
68.12428,69.95167,0.65532,0.75624144,2.0648756,2.3212688,53.132294,54.385468,0.2830375,0.33421597
69.13779,70.033936,0.75174814,0.7577904,2.4263546,2.3266892,52.87236,54.43635,0.3163431,0.3331797
66.09784,70.18345,0.65191257,0.7615517,2.1834097,2.3379328,52.75706,54.547375,0.3902088,0.3317063
70.31169,70.28777,0.7581166,0.763861,2.398886,2.3461633,54.02067,54.623028,0.35572734,0.33084914
68.864006,70.37597,0.73594636,0.76585656,2.478348,2.353817,56.614063,54.687946,0.26555967,0.33018798
64.56272,70.51323,0.7171825,0.7682844,1.9553207,2.363304,51.712563,54.77118,0.38203087,0.32856283
70.894165,70.617256,0.78721803,0.7701237,2.591704,2.3706052,56.242958,54.830826,0.3108852,0.32723656
74.33668,70.69494,0.76141655,0.7720075,2.441133,2.375567,56.68572,54.88015,0.2719344,0.32619315
66.74245,70.76164,0.7098267,0.77291465,2.4661255,2.3796687,53.834774,54.91597,0.3545221,0.3254262
70.50546,70.88997,0.84498554,0.77621114,2.4622073,2.392649,54.964783,55.02393,0.3494396,0.32428828
68.913666,70.96342,0.7437407,0.778322,2.214417,2.398786,54.84955,55.080914,0.30895,0.32367483
72.76498,71.13486,0.74438274,0.7816814,2.2184868,2.4134116,54.77906,55.199535,0.29395846,0.32194668
70.58303,71.191925,0.7740066,0.78299415,2.412282,2.4180424,55.974045,55.242558,0.35492736,0.3216321
70.24128,71.24168,0.7554919,0.7845594,2.3019419,2.4256282,52.7691,55.30329,0.3481357,0.3218453
61.800667,71.27248,0.6270783,0.7854342,1.7310843,2.4296787,49.777348,55.337482,0.40095615,0.32192218
69.20333,71.29756,0.7668182,0.78698325,2.4205368,2.4366386,56.073227,55.396477,0.35188547,0.32296634
68.66512,71.390274,0.69811314,0.7897818,2.1861582,2.4490585,52.126377,55.500793,0.32593462,0.32319218
74.757324,71.482994,0.86036354,0.7923494,2.7497554,2.4592006,58.91056,55.582626,0.32325116,0.322702
73.49499,71.52581,0.8405663,0.7936846,2.752385,2.4631839,58.456665,55.616653,0.3046937,0.32231033
75.50663,71.551315,0.76262045,0.794389,2.9542084,2.4664986,58.127766,55.642075,0.284796,0.3222189
71.35132,71.57007,0.7367362,0.7953036,2.2296412,2.4691086,54.60189,55.666252,0.32265905,0.3223043
73.589195,71.595955,0.74659246,0.79607505,2.7291627,2.4709473,56.411976,55.68607,0.27486125,0.32210743
70.432144,71.61748,0.7299933,0.7966131,2.5648067,2.470745,54.891018,55.692482,0.32454807,0.3216719
72.77455,71.66425,0.8410341,0.7976189,2.469357,2.4733188,56.559406,55.717167,0.32955927,0.32101545
69.58783,71.67952,0.72279674,0.79761714,2.5037804,2.4704642,56.465336,55.706104,0.31648153,0.3206664
65.22842,71.68528,0.6437224,0.7972053,2.2554173,2.4687657,52.666855,55.695305,0.34915617,0.32044807
72.95919,71.68531,0.7920879,0.7969562,2.6346517,2.468346,56.485622,55.694492,0.31475064,0.32066697
74.75726,71.692314,0.8341393,0.79707503,2.6243052,2.4699285,56.822033,55.705605,0.30900633,0.3209422
72.30526,71.75307,0.8498649,0.7990256,2.6020339,2.4766188,56.726337,55.764534,0.33203262,0.3207955
76.28469,71.791534,0.87413764,0.8002461,2.3927505,2.4789345,57.686745,55.788628,0.30039924,0.32005674
73.617775,71.828735,0.8005753,0.80142105,2.7634618,2.4820414,58.192,55.81978,0.28486615,0.32006407
68.74627,71.84683,0.70553315,0.8021575,2.2403548,2.4844284,55.168312,55.84237,0.3518998,0.32030407
70.03879,71.84049,0.66236883,0.80245066,2.3246152,2.483944,53.873817,55.844303,0.2898996,0.32052994
77.10809,71.86103,0.81848,0.8035235,2.9388971,2.485285,58.24483,55.865604,0.25485796,0.3206945
70.53611,71.925705,0.85295117,0.8053629,2.1680312,2.4903996,56.54536,55.916145,0.35128978,0.3203959
71.37329,71.96734,0.7474268,0.8064651,2.4941752,2.4917572,56.06956,55.93597,0.3008829,0.3198016
71.22377,72.0123,0.75617915,0.80780786,2.6045408,2.4927711,55.580833,55.95639,0.34208584,0.31903875
70.78692,72.054924,0.7679422,0.808845,2.4256203,2.4949288,55.023476,55.97924,0.3700535,0.31843224
70.341675,72.09016,0.7627231,0.809894,2.5438688,2.497777,55.82605,56.005753,0.354519,0.31824625
73.37318,72.095375,0.86941457,0.8103088,2.7485027,2.4980116,57.741703,56.010563,0.3253981,0.31802037
75.671295,72.164925,0.9034694,0.81266934,2.691129,2.5064933,58.02153,56.074306,0.33042017,0.31753927
73.56478,72.18169,0.8009615,0.8133755,2.5852168,2.5082924,57.0426,56.090225,0.30263793,0.3174748
70.9366,72.20854,0.8302596,0.8144131,2.620882,2.5098827,56.499954,56.111073,0.34057945,0.31745252
68.85618,72.22726,0.75050247,0.815188,2.4479294,2.5091925,54.29543,56.121677,0.36155757,0.31779015
72.36239,72.24838,0.8348058,0.81620723,2.620979,2.510906,58.79414,56.142544,0.3192314,0.31777966
76.27003,72.275444,0.8589266,0.8169001,2.5694048,2.5111017,58.83162,56.152084,0.31273758,0.31723565
67.884445,72.30535,0.7229987,0.81789243,2.4001336,2.5111556,55.51985,56.16955,0.34753639,0.31716108
72.930374,72.356964,0.81781054,0.82031,2.4904199,2.519699,55.202446,56.240128,0.355598,0.31760353
72.33733,72.37721,0.80837727,0.82186043,2.7350335,2.5232666,57.38319,56.27245,0.28290015,0.31799078
74.32252,72.429085,0.7706156,0.8235986,2.697534,2.5312808,58.750237,56.325348,0.27881,0.3177102
73.84905,72.48346,0.7977063,0.82531154,2.6342304,2.5368533,58.108498,56.36711,0.27175966,0.3168044
75.23318,72.50659,0.89820254,0.82588327,2.7282786,2.5349774,59.07371,56.36674,0.34346294,0.31612596
73.25628,72.51312,0.8521035,0.8265164,2.6037884,2.5340834,57.565395,56.370903,0.33581948,0.31605798
71.91752,72.55992,0.83635175,0.8287241,2.280428,2.5415835,56.02098,56.43162,0.29941168,0.3164788
74.44463,72.595245,0.8136344,0.83037615,2.5311646,2.5452855,55.63717,56.466084,0.31242144,0.31639943
69.96158,72.606384,0.76733977,0.83081216,2.5776079,2.5464828,55.490356,56.47689,0.3356264,0.31679058
71.22098,72.619225,0.8112691,0.8313018,2.6713636,2.548487,56.51922,56.4912,0.33446878,0.31676704
72.96982,72.61915,0.809012,0.8313948,2.5305552,2.5479631,57.76979,56.4895,0.26892933,0.31676352
77.180405,72.6104,0.8053415,0.83150804,2.8353767,2.548755,59.525505,56.492783,0.24136333,0.316875
74.51768,72.63476,0.7415868,0.83223766,2.5596604,2.5512078,56.30629,56.515614,0.26893163,0.3170187
72.945206,72.6496,0.76767707,0.83266944,2.6030617,2.5476131,57.859573,56.507298,0.32718274,0.31653544
69.94545,72.65412,0.80880475,0.83280194,2.5282872,2.5445545,55.67568,56.496666,0.33939236,0.31651452
72.40223,72.68254,0.7727533,0.8337704,2.4464023,2.543806,55.626,56.506626,0.30755597,0.3161407
77.383804,72.70091,0.8088582,0.8343413,2.857396,2.5425186,58.350876,56.509697,0.25103685,0.3160404
73.61669,72.709145,0.8140301,0.8346571,2.5795214,2.5438402,56.35018,56.52297,0.33316842,0.31630844
76.488815,72.732796,0.830608,0.83543813,2.850602,2.5477617,58.906757,56.55071,0.3049964,0.31610253
66.69522,72.73116,0.7763258,0.8351918,2.5421293,2.545137,54.091114,56.537327,0.3951624,0.31624585
71.791664,72.705925,0.8002547,0.8343264,2.5046773,2.5434575,55.748375,56.5217,0.36993647,0.31664485
76.81675,72.71411,0.8409233,0.8351252,2.9169095,2.5441105,59.421955,56.53235,0.32635275,0.3168987
74.46499,72.7508,0.77506423,0.8362918,2.4624102,2.5494576,54.93504,56.572613,0.2767273,0.31749108
72.43144,72.71274,0.746332,0.8351638,2.6361265,2.5441601,57.024277,56.543373,0.32942793,0.31881952
71.63165,72.67829,0.7956394,0.8337267,2.5788243,2.53653,55.645405,56.4957,0.3474233,0.31951258
72.58325,72.66507,0.85973024,0.8330254,2.632083,2.536511,57.77013,56.48899,0.34555188,0.31951576
72.64495,72.707726,0.8358848,0.83457524,2.6233728,2.543304,58.57338,56.532776,0.34240103,0.31871235
71.90907,72.67524,0.8140082,0.83286816,2.7082536,2.5324912,58.616432,56.468742,0.3778608,0.31834558
75.948074,72.69476,0.769444,0.83334285,2.7241662,2.533718,59.269188,56.478134,0.27292618,0.31759155
72.92766,72.70641,0.77110803,0.8333903,2.5302124,2.5326247,56.05433,56.474907,0.3187415,0.31661743
74.46396,72.72425,0.89188135,0.8337785,2.3669772,2.5358853,58.515564,56.494835,0.30074394,0.316525
78.419304,72.70108,0.82298946,0.8323848,2.9769228,2.5291464,59.86418,56.450886,0.22608931,0.31641194
70.43887,72.76524,0.7411031,0.8346975,2.5619402,2.5314052,56.544163,56.49272,0.33400798,0.31600785
74.874084,72.76929,0.8576373,0.8344952,2.661521,2.5294294,57.800785,56.485756,0.30718142,0.31588826
72.89132,72.76259,0.80113983,0.8343153,2.638123,2.520913,56.900593,56.451763,0.34423724,0.31600955
75.562836,72.73044,0.8540617,0.8338546,2.4465349,2.5193925,57.407394,56.441025,0.3044663,0.31682304
73.62591,72.68018,0.85735875,0.83201665,2.5365372,2.511112,56.990128,56.38188,0.33428478,0.31731808
72.67326,72.705734,0.7271634,0.8332424,2.6299589,2.514571,57.124928,56.41284,0.29787377,0.31717938
71.363495,72.71557,0.79826266,0.83312714,2.3038304,2.513252,55.083366,56.410477,0.3532826,0.31643343
73.12826,72.692314,0.78467554,0.8320078,2.6023705,2.508138,56.009075,56.376846,0.3176818,0.31656897
80.63082,72.67778,0.91656274,0.8312792,3.178207,2.5031269,61.790337,56.34974,0.31894755,0.31650716
75.15865,72.738754,0.74291915,0.83344513,2.798306,2.50905,59.346577,56.40535,0.3332521,0.31656095
76.20439,72.73331,0.9003469,0.8336895,2.6721268,2.5118244,57.258163,56.42762,0.36361787,0.31762755
74.45236,72.68338,0.7999677,0.8327673,2.4123707,2.5038493,58.490204,56.388706,0.3214151,0.31970185
73.3494,72.62368,0.7624579,0.83167255,2.198555,2.4958243,54.30536,56.34777,0.32315096,0.32201016
67.65223,72.45583,0.797372,0.82745224,2.3777914,2.4790587,55.98277,56.23688,0.45657712,0.32561368
72.628815,72.35664,0.80386716,0.8247557,2.673591,2.4680624,57.99631,56.16543,0.3441431,0.3280051
66.69446,72.290794,0.7775471,0.8225991,2.407662,2.46454,54.093735,56.13303,0.43715683,0.33073056
75.22207,72.164474,0.7849393,0.8191061,2.4887385,2.457401,56.48765,56.07338,0.32909724,0.33332068
72.396545,72.03617,0.82707274,0.8164157,2.2346895,2.4434066,56.133823,55.979305,0.35347548,0.33585998
72.31611,71.92813,0.82374895,0.81381994,2.237196,2.432453,54.89362,55.904057,0.38706887,0.33824915
71.21567,71.67253,0.79145396,0.8065783,2.3401573,2.409281,56.640884,55.719902,0.3763749,0.34181732
73.82855,71.53154,0.7281449,0.8017657,2.4685144,2.4002168,57.443897,55.62837,0.3001725,0.34382242
74.27954,71.40642,0.7428428,0.79792374,2.6604326,2.3893545,57.515743,55.537685,0.2927639,0.34517714
72.21998,71.236885,0.7798598,0.7942313,2.441159,2.3783329,55.192738,55.440952,0.3789823,0.3482465
73.99398,71.169876,0.79669243,0.7933823,2.3932705,2.3740256,56.917133,55.41343,0.3218517,0.34961626
71.15292,71.16489,0.80196005,0.79271805,2.57496,2.371916,55.047466,55.399868,0.3636752,0.35007527
73.11904,71.2321,0.70254683,0.794252,2.4924374,2.3779147,54.139618,55.44868,0.3090963,0.3491624
67.51467,71.110306,0.78184736,0.79108214,2.1847987,2.3698957,53.553093,55.367527,0.4365515,0.3501307
70.95193,71.023254,0.7929003,0.78929317,2.241705,2.3680506,55.030098,55.336975,0.38192257,0.35246745
68.68189,70.9762,0.85527515,0.7876028,2.4746096,2.3650975,56.270752,55.300842,0.41846183,0.35311556
71.55672,71.07391,0.840675,0.7900278,2.6415389,2.375699,56.903828,55.384148,0.41011164,0.3530027
71.57032,71.14372,0.8604536,0.7915316,2.4040623,2.381775,57.32561,55.436638,0.3745422,0.35299498
68.69192,71.181274,0.80190337,0.79217786,2.2280238,2.3829267,55.30042,55.451424,0.40794852,0.35261634
69.42876,71.15739,0.8354633,0.79143554,2.2185197,2.3808608,54.602005,55.42985,0.39281565,0.35245892
67.66951,71.096596,0.68698144,0.79018724,2.0546656,2.3731284,54.189102,55.377277,0.3694929,0.35299742
72.19176,70.93518,0.8018614,0.78724927,2.3846726,2.36136,54.71265,55.277504,0.3656016,0.3549857
66.05798,70.782196,0.7614324,0.78336877,2.1129432,2.3484657,52.823803,55.159664,0.41212153,0.35625523
68.51151,70.54072,0.767062,0.7779257,2.1818802,2.3345199,52.937885,55.013805,0.39959812,0.35878778
80.12189,70.33587,0.862716,0.7739405,2.6046605,2.3216357,58.739975,54.886154,0.27844608,0.36045766
72.72414,70.16363,0.7583409,0.7712008,2.4148874,2.3075159,56.702545,54.76967,0.33840847,0.36239797
71.51595,70.11486,0.72230226,0.7707714,2.2701175,2.302978,54.819473,54.743305,0.35243946,0.36328065
73.07775,70.02915,0.81577134,0.76933104,2.410652,2.2999296,55.856194,54.707397,0.3465257,0.36449614
68.833206,69.92736,0.71361595,0.76753056,2.152449,2.2939134,54.75221,54.650345,0.43094283,0.36546856
65.39973,69.72227,0.74505377,0.7641706,1.9891019,2.2851155,50.47471,54.54956,0.3835327,0.36840364
71.38431,69.57893,0.9051527,0.76154363,2.5012023,2.2785273,57.891846,54.469677,0.39505786,0.3696919
70.212555,69.51774,0.8378115,0.7612157,2.3465402,2.2748446,54.678265,54.442146,0.43645224,0.37094447
69.56296,69.41223,0.766606,0.7599424,2.1914456,2.2710636,52.780727,54.399544,0.37682477,0.3730656
64.12035,69.366905,0.7322247,0.7595684,1.6736813,2.2680237,51.96816,54.374084,0.46027374,0.37352023
67.580734,69.32307,0.68869156,0.75872236,2.0342991,2.2679513,53.035862,54.35999,0.38096654,0.37469292
70.663635,69.252846,0.83201593,0.75804114,2.619844,2.2655175,55.952267,54.3312,0.36259153,0.37599137
71.8703,69.15103,0.74473107,0.7574059,2.154387,2.2611985,54.356564,54.290653,0.32390833,0.37810472
65.36799,69.078735,0.5903181,0.7567988,1.8026662,2.2579336,49.385933,54.259327,0.38799828,0.37941438
70.8123,68.94832,0.84377444,0.75402814,2.4994395,2.2538073,56.316143,54.186714,0.38150862,0.38046405
73.56277,68.81805,0.7752493,0.7518618,2.323349,2.2483242,55.471104,54.11351,0.3739821,0.38147524
69.27591,68.704926,0.6759638,0.7507413,2.1451113,2.245332,52.25111,54.06978,0.35920098,0.3835434
70.7032,68.617134,0.8069186,0.7491951,2.1403184,2.2428446,54.242134,54.02667,0.3734571,0.38461274
71.46251,68.54239,0.7416546,0.7480653,2.0394483,2.2404094,53.39231,53.989986,0.3610699,0.3855003
72.376366,68.47189,0.76452917,0.7468936,2.4100242,2.2383218,56.20364,53.95584,0.31656152,0.38626844
66.51064,68.38039,0.69485205,0.74526393,2.1687846,2.2351131,53.623104,53.90627,0.404869,0.3868008
65.36073,68.28285,0.65970814,0.7435339,1.94221,2.2320719,51.51744,53.856075,0.42024136,0.38754442
69.472305,68.17462,0.7653704,0.7410426,2.286266,2.2285867,54.745552,53.789455,0.3680921,0.38768774
71.63636,68.08737,0.7865428,0.7389606,2.4995592,2.224813,57.127087,53.73066,0.35060143,0.38752607
71.8083,68.01522,0.63915956,0.7370249,2.257862,2.2221513,54.325768,53.68215,0.30809888,0.38725957
67.39513,67.911095,0.6950348,0.7346276,2.2368443,2.2191942,54.55448,53.62358,0.39757845,0.38756564
67.24218,67.78617,0.7745077,0.7319979,2.1742325,2.2173452,52.688053,53.565784,0.4148908,0.38857326
68.95945,67.69568,0.72617185,0.729944,2.2849355,2.2154946,53.85365,53.51968,0.3322919,0.38886914
64.42979,67.59087,0.71787286,0.7283015,2.103759,2.213759,54.072365,53.47699,0.45434153,0.3900326
65.44848,67.456665,0.71911496,0.72645015,2.1844776,2.2113295,52.34023,53.42343,0.41575783,0.39169416
66.19872,67.34982,0.69185406,0.7249363,2.1454988,2.20931,52.400185,53.37994,0.42998308,0.39283204
63.865097,67.25648,0.64385885,0.72350687,1.7893059,2.20737,49.985916,53.34016,0.4082214,0.39381254
62.853436,67.14873,0.72855633,0.72165203,2.066521,2.2052028,52.85651,53.291225,0.49452195,0.3946909
67.80995,67.05897,0.6906587,0.720268,2.4261968,2.2029366,55.808178,53.249283,0.37872568,0.39578316
66.65183,66.95066,0.6976717,0.7184018,2.2035015,2.2007902,53.282993,53.20114,0.42867723,0.39685977
64.71679,66.824524,0.7701817,0.71639955,1.9650471,2.1989827,52.68128,53.15191,0.48969662,0.39860034
72.83305,66.71535,0.7593895,0.71475977,2.5943842,2.1966152,55.623497,53.105164,0.345885,0.39944437
71.90457,66.60512,0.7183721,0.7131261,2.123048,2.1941614,52.502457,53.057873,0.35519114,0.40022343
66.94533,66.47665,0.7273743,0.710919,2.4427729,2.1916847,54.490425,53.00102,0.38745978,0.4011421
67.429535,66.33192,0.6808359,0.7076205,2.3880634,2.1886122,54.58093,52.925636,0.3606718,0.40132067
64.70154,66.19809,0.6172226,0.70448226,2.0222433,2.1864133,51.96154,52.859318,0.37581128,0.4018137
63.253654,66.07596,0.7260213,0.7017117,2.1751275,2.1846886,52.755802,52.800476,0.5144805,0.40229538
66.8176,65.96458,0.7099155,0.699779,2.1486404,2.183417,53.101757,52.75617,0.4481434,0.4035264
68.71676,65.89645,0.73611337,0.69837815,2.2177224,2.18307,54.92737,52.730362,0.31214905,0.40438572
65.38599,65.84811,0.73105466,0.6970125,2.2353368,2.1824927,52.33243,52.702995,0.45477816,0.4043296
62.23311,65.74721,0.66187096,0.6955,1.784585,2.181333,50.786915,52.666214,0.4148171,0.40556985
64.43534,65.67575,0.7166607,0.69425523,2.1208544,2.1806872,52.500637,52.637352,0.41004354,0.4063511
71.723114,65.62242,0.7287291,0.69286525,2.3286808,2.1804717,54.479267,52.613632,0.37349117,0.4066586
70.653435,65.566864,0.7102201,0.6916368,2.1504028,2.1806116,54.698524,52.593563,0.37286285,0.4074255
62.15884,65.49346,0.6770939,0.6900614,2.3695157,2.180037,51.446365,52.563084,0.42396286,0.4084076
65.88087,65.39009,0.59534645,0.6879362,2.2260754,2.1791465,52.723583,52.521637,0.37324238,0.40946847
64.958855,65.27037,0.6557909,0.6847991,2.138421,2.1776485,52.10636,52.461052,0.46991825,0.409416
60.770332,65.14759,0.70086265,0.68236655,2.164892,2.1766047,52.420586,52.40943,0.49914175,0.41079623
67.79418,65.02726,0.67868286,0.6795814,2.521642,2.17547,54.778263,52.353405,0.43623772,0.4116482
68.31485,64.86913,0.6333185,0.6764514,2.1382937,2.1740422,51.94436,52.292305,0.3510029,0.41346976
63.909954,64.778435,0.62972057,0.67373407,2.2060094,2.173249,52.19828,52.247124,0.42580816,0.41391125
66.974754,64.66379,0.6402636,0.67098385,2.2970667,2.1723447,50.630352,52.197914,0.45613423,0.41478428
59.28396,64.46623,0.63965195,0.66671085,1.9414496,2.1704938,50.562115,52.116524,0.51375,0.41617098
60.847515,64.382385,0.6573555,0.6642224,2.1427445,2.169492,50.306526,52.071472,0.4566157,0.41661838
65.81009,64.28975,0.641602,0.6621237,2.2694447,2.1678753,52.97459,52.027157,0.41568658,0.4173859
64.032585,64.20781,0.62529355,0.66030824,2.143267,2.1657524,50.26274,51.98452,0.42538977,0.4180173
66.57225,64.12434,0.60494566,0.6593102,2.4107265,2.1649706,53.099392,51.95855,0.38418135,0.41921425
60.34793,64.05532,0.62104493,0.65822476,2.0000272,2.1652126,49.687267,51.9383,0.4582439,0.420259
68.15585,63.95505,0.62685496,0.65523875,2.3441932,2.1637058,55.325253,51.88521,0.38715264,0.42089757
58.302124,63.8631,0.62149274,0.65329266,2.171596,2.1622036,51.078903,51.844177,0.52616763,0.42137405
67.16135,63.74563,0.6494814,0.6509298,2.0169756,2.161138,52.14886,51.798237,0.3733803,0.42286348
64.018875,63.696434,0.71325874,0.6496828,2.0305068,2.1601038,51.54821,51.77305,0.46713597,0.42329064
61.20569,63.62026,0.64444643,0.64852667,2.3694603,2.1582015,52.0969,51.74021,0.45284435,0.42440015
62.42296,63.560944,0.5660479,0.6474035,2.0263834,2.1571832,51.337124,51.714966,0.42561933,0.4254008
60.77805,63.478592,0.60817367,0.6462387,2.29521,2.1559987,51.91628,51.684402,0.4976754,0.42679027
62.675396,63.435715,0.66050696,0.6461207,2.248442,2.1537004,52.1809,51.66329,0.4488194,0.4279791
61.22463,63.383472,0.5782148,0.6458671,2.360571,2.1512945,52.16951,51.637783,0.47693792,0.4293718
61.546936,63.29092,0.63677746,0.6449291,2.085442,2.1487718,49.37456,51.59868,0.45440647,0.43109903
67.97862,63.241592,0.7294073,0.64472246,2.6171691,2.1462224,55.20208,51.57359,0.32242674,0.43195906
62.034897,63.20019,0.59027416,0.64318717,2.4058347,2.1450818,51.22695,51.54733,0.41769594,0.43209082
64.45148,63.136803,0.6311944,0.6418178,2.3255486,2.1437726,52.32826,51.516804,0.3947996,0.43295372
68.411026,63.10307,0.677805,0.6401229,2.4212384,2.142401,53.254356,51.484848,0.3801195,0.4323611
66.23004,63.04233,0.61167216,0.6380772,2.449395,2.1419044,53.17607,51.45443,0.3676908,0.4326157
64.9323,62.98793,0.6548132,0.6365406,1.8267369,2.1428087,49.593975,51.438713,0.41150534,0.43325266
59.93286,62.89003,0.643598,0.63414925,2.0480838,2.142177,49.93786,51.39884,0.4606612,0.43363154
64.8955,62.785847,0.5818599,0.6316587,2.1594198,2.1406093,50.475594,51.34977,0.39336067,0.43407252
67.91372,62.704247,0.6801659,0.6294102,2.3591459,2.1394145,54.865513,51.30964,0.38275695,0.4346386
60.582756,62.661846,0.62303257,0.6282072,2.2955163,2.1382687,52.848965,51.285465,0.46794724,0.43472058
60.73443,62.615376,0.56580865,0.62653613,2.1725385,2.1370852,50.69052,51.25482,0.43808043,0.43498322
62.148285,62.544144,0.5254022,0.624579,2.195397,2.1352606,52.67035,51.214966,0.42754912,0.4356565
64.07794,62.492813,0.6172958,0.62342256,2.1269858,2.1322174,52.295746,51.17767,0.38736388,0.43593085
58.95353,62.442192,0.56202793,0.62269473,1.9203919,2.1298857,48.80036,51.149055,0.45231554,0.43670297
59.164467,62.427437,0.58818865,0.6226835,2.2725954,2.1270826,51.425293,51.130547,0.44751632,0.4372391
67.63811,62.356827,0.5938501,0.621287,2.410903,2.124783,53.078903,51.09371,0.3570049,0.43786407
67.16936,62.279667,0.70140415,0.6195004,2.252409,2.1228504,53.414543,51.054924,0.4136247,0.43867
62.7299,62.28231,0.6449863,0.6187792,2.0852246,2.1203463,49.67297,51.03314,0.5127816,0.43822816
64.083206,62.264786,0.64742357,0.618875,2.1962268,2.1177387,52.71606,51.019226,0.4118397,0.43951884
56.723503,62.244225,0.5490552,0.6187138,2.1789968,2.1159768,50.336746,51.006065,0.4669452,0.4403373
62.186066,62.198013,0.62186044,0.6175623,2.1384056,2.1134522,50.658924,50.973984,0.41802695,0.44114065
61.05538,62.160183,0.59074235,0.61665714,1.869767,2.1102278,49.665207,50.94145,0.47789574,0.44130751
65.157715,62.146927,0.60640234,0.61643624,2.1821785,2.106412,52.32283,50.916477,0.4088951,0.4416972
63.419144,62.132286,0.73836774,0.61647916,2.0583723,2.1034741,52.13261,50.89847,0.47003394,0.4419506
59.174053,62.18072,0.7059699,0.61806154,1.9952996,2.1006968,51.5119,50.905674,0.50628644,0.44204184
63.079533,62.252373,0.6067049,0.6203148,2.2709675,2.099151,51.522755,50.930172,0.38561454,0.44219932
69.690384,62.28436,0.7803556,0.6206208,2.479043,2.0993936,55.089146,50.93682,0.43763933,0.44124565
61.283466,62.226097,0.61420894,0.6196004,2.0489442,2.09973,51.281185,50.91914,0.44614345,0.4415342
63.883762,62.207054,0.6327966,0.6181186,2.2592585,2.100366,52.793243,50.90575,0.40026867,0.44100195
59.737026,62.174393,0.55594873,0.6174104,2.0384662,2.0990276,49.100994,50.886707,0.45682505,0.4407918
62.551357,62.16443,0.60495454,0.61715525,2.1399734,2.0976822,51.997963,50.87547,0.4123253,0.44074783
59.17774,62.163364,0.56876796,0.6166701,1.8431253,2.0962963,50.450806,50.860744,0.5119232,0.43991825
66.30319,62.11901,0.61471957,0.6157803,2.1679034,2.0934117,53.749058,50.82865,0.3847311,0.44013056
63.4453,62.131485,0.6411066,0.61579716,2.1989634,2.092305,50.662136,50.824196,0.40740004,0.43981093
64.29886,62.13859,0.6344863,0.61581624,2.2354567,2.0912302,51.4094,50.8195,0.45785767,0.43973643
60.869057,62.175354,0.67810607,0.61602503,1.8364315,2.0901132,51.134876,50.820194,0.49314517,0.43899333
62.1437,62.224247,0.61927795,0.61710465,2.0047655,2.088613,50.72144,50.8304,0.4674446,0.43862876
61.802612,62.296146,0.6490812,0.61870176,1.8944554,2.0887918,51.066128,50.859245,0.4531939,0.43856314
67.874054,62.355587,0.6830057,0.6198023,2.2098193,2.0877843,52.752167,50.872272,0.39490956,0.43834502
57.029156,62.44952,0.55189335,0.6217278,1.8306439,2.0874503,47.01667,50.90343,0.50030184,0.43750465
65.913216,62.405293,0.5854367,0.620532,2.4018924,2.086278,53.676445,50.88001,0.37518916,0.43787122
63.54164,62.394356,0.6299751,0.6202032,2.2071779,2.0855346,52.675037,50.869835,0.44245604,0.43755078
64.70474,62.387634,0.641352,0.61964434,2.1104333,2.0847805,50.808918,50.85951,0.45699224,0.437538
67.36897,62.435356,0.6558322,0.62040067,2.2727497,2.0850089,54.620148,50.874706,0.398007,0.4365253
60.4377,62.514046,0.5829488,0.6222856,2.105257,2.085226,49.768864,50.904392,0.47393396,0.43542993
63.038494,62.554962,0.6082044,0.6227187,2.1084757,2.0855494,51.02838,50.91599,0.4025039,0.4349424
61.87797,62.64129,0.59516716,0.6239941,2.2913706,2.085447,50.982956,50.938198,0.44341618,0.43326446
62.62922,62.658863,0.674989,0.62437725,2.3471334,2.083207,51.62037,50.931187,0.52474666,0.43305588
63.12569,62.63067,0.66078895,0.62405354,2.0840654,2.08132,50.80088,50.915318,0.48151892,0.43417326
66.36458,62.637848,0.62426037,0.62522566,2.0961688,2.080487,51.595673,50.92564,0.3595598,0.43565574
65.35945,62.695362,0.6485303,0.6268697,2.0651102,2.0810652,52.890724,50.953487,0.49086908,0.43582067
61.398346,62.734306,0.67641515,0.6285086,2.063324,2.0807617,52.068295,50.975285,0.4631972,0.43711394
64.21608,62.840076,0.57423925,0.63142896,2.2470658,2.0797448,52.161644,51.012497,0.35615158,0.43696138
61.15017,62.957916,0.61309946,0.634796,2.045807,2.0794504,51.91562,51.059048,0.4838533,0.43620783
62.98847,62.996815,0.6792861,0.6362215,1.9406841,2.0791187,49.786304,51.077175,0.4312752,0.43690455
61.577126,63.14414,0.49946183,0.63969034,1.9343637,2.0795429,49.49513,51.13335,0.4772997,0.43652624
59.067673,63.22975,0.61599165,0.6416472,1.9989779,2.079306,50.626965,51.1647,0.5331515,0.4366087
61.504704,63.22882,0.63426,0.64180636,2.0292597,2.0775776,49.67586,51.158455,0.4446925,0.43725
65.60842,63.24827,0.69888943,0.64214253,2.301924,2.0779986,53.74355,51.168484,0.421307,0.43750373
67.976166,63.297077,0.620244,0.64329004,2.2738814,2.0788896,53.126686,51.193104,0.3840558,0.43715316
61.73346,63.393776,0.6221515,0.6454337,1.9214201,2.081244,49.626167,51.241726,0.45614284,0.4369279
58.753113,63.47141,0.6546427,0.6470474,1.711545,2.0843165,49.24296,51.28757,0.48241732,0.4366501
58.708904,63.49194,0.6440143,0.64770466,1.9248344,2.0859733,48.834763,51.307896,0.4873813,0.43705407
64.7828,63.532272,0.64014304,0.64818555,2.0787227,2.086,52.48305,51.319508,0.37279028,0.4365474
64.57088,63.521957,0.6760905,0.6476645,1.8982321,2.0859306,51.32647,51.315334,0.40667582,0.43625593
60.807724,63.60114,0.6080676,0.64846087,2.057604,2.0868638,51.388573,51.339314,0.48119038,0.4346549
60.230938,63.629852,0.63214,0.64827025,2.0119355,2.0872436,50.848843,51.34436,0.50213486,0.4335517
63.172916,63.731644,0.6282297,0.6499088,2.0213263,2.0898018,49.784798,51.389496,0.4574257,0.43223745
62.26223,63.820442,0.672883,0.6516752,2.0986848,2.0926194,50.167656,51.436897,0.495238,0.43179682
65.37062,63.887363,0.6755163,0.65263367,2.2889702,2.0956194,51.173046,51.473618,0.4132613,0.43169793
62.849888,63.958057,0.68866366,0.6536497,1.9915925,2.0980585,51.229828,51.508,0.41349402,0.43125197
61.252308,64.05293,0.58414567,0.6551338,1.9612098,2.1004505,51.559513,51.548607,0.43273848,0.4305076
65.03097,64.1016,0.64760697,0.65571314,1.8436201,2.1012838,50.95505,51.567745,0.38173717,0.4302311
64.07727,64.20675,0.71528184,0.6571006,1.8491135,2.103548,50.370453,51.61108,0.46333316,0.4289567
67.262054,64.287964,0.7561237,0.65835,2.065933,2.1055384,53.74836,51.65053,0.44184607,0.42841658
63.73432,64.38862,0.7020851,0.6610771,2.0516205,2.108158,52.432224,51.707726,0.43696856,0.42832544
65.161606,64.572464,0.6524592,0.6655161,2.4038422,2.1140718,54.762383,51.809685,0.40680754,0.4280416
67.4354,64.834595,0.7695393,0.67156786,2.2508478,2.122782,55.73238,51.95417,0.37835494,0.42711824
60.608994,65.10213,0.68432957,0.67776674,1.8954146,2.134535,49.836525,52.116146,0.5084426,0.4262053
61.924343,65.23684,0.5981792,0.6814488,2.0889087,2.1409264,51.74617,52.208855,0.4355872,0.42639318
63.854694,65.390465,0.6360593,0.68446875,2.0329413,2.1473384,49.906033,52.29527,0.43264183,0.42540646
70.697815,65.46935,0.7460063,0.6863709,2.4427404,2.1499507,54.09005,52.341694,0.34647098,0.42556807
67.336464,65.64966,0.76346725,0.68986344,2.1204364,2.1574278,54.68465,52.442207,0.3774995,0.42401096
66.67737,65.84508,0.5862547,0.6929124,2.3446994,2.1672928,54.022015,52.55254,0.37397686,0.4221625
65.26664,65.98559,0.64058167,0.6955043,2.0932758,2.1740823,51.614414,52.63588,0.39937323,0.42077467
63.110275,66.0783,0.68746805,0.69749695,2.01462,2.1792202,50.94387,52.697926,0.5015868,0.4201754
69.17591,66.1362,0.80528057,0.6991765,2.2625785,2.1834524,53.793365,52.746426,0.44408938,0.42042217
65.93736,66.22871,0.6465803,0.70179373,2.213285,2.1889427,51.61656,52.816383,0.38235262,0.42013904
60.985466,66.34801,0.57650584,0.70433366,2.175929,2.196677,49.860744,52.901394,0.45833427,0.41938806
70.653824,66.43238,0.72937274,0.70610213,2.3903632,2.2014222,54.5924,52.957554,0.37543908,0.4189058
65.99156,66.570305,0.6994114,0.7080307,2.2894726,2.2084618,52.759254,53.03443,0.41134864,0.41730323
69.97368,66.688484,0.6935305,0.71003747,2.6527283,2.2156541,55.944164,53.11017,0.35069194,0.41623095
66.45785,66.816055,0.66762847,0.71237355,2.395683,2.2238412,52.46627,53.196445,0.489917,0.41511372
67.63461,66.89482,0.7001033,0.7144601,2.147934,2.231671,51.52045,53.272774,0.37927487,0.4152774
64.63338,66.97758,0.618245,0.716312,2.0112848,2.2378378,50.185894,53.336384,0.37362015,0.41490602
67.07516,67.10646,0.6484059,0.7176719,2.4296443,2.243659,54.265175,53.401436,0.3771899,0.413094
65.35618,67.24598,0.7025713,0.71952206,2.3763812,2.2498236,53.91106,53.474796,0.40807125,0.41112864
57.257305,67.35937,0.59166557,0.7213243,2.045433,2.2560031,49.48684,53.54266,0.49516845,0.40974712
67.21339,67.47534,0.6823686,0.7225717,2.114115,2.2630534,53.664497,53.609135,0.39194706,0.4082533
68.59826,67.55661,0.6749182,0.7233664,2.2469993,2.2663593,53.108643,53.64658,0.37166363,0.40697697
67.10956,67.66137,0.6814184,0.7243633,2.3706958,2.2731152,55.361916,53.70732,0.42033085,0.4057649
63.49062,67.75925,0.6872325,0.7262762,1.9937594,2.2803092,51.493553,53.777607,0.44783717,0.40494317
66.28354,67.82868,0.66461504,0.7271583,2.364091,2.2857351,54.02029,53.825394,0.47710037,0.40421104
65.919266,67.9103,0.6481384,0.72895473,2.3625062,2.293288,53.30684,53.89598,0.42220485,0.40382177
73.1059,67.986,0.7068098,0.7308159,2.623197,2.30018,56.465492,53.961044,0.34039894,0.4036296
68.94892,68.09433,0.65947837,0.7327289,2.2738805,2.3084605,54.40942,54.03827,0.33442605,0.40303993
66.427216,68.193016,0.6650913,0.73450375,2.422003,2.3162928,53.78146,54.108242,0.4086859,0.40225235
64.44032,68.28895,0.69671464,0.7363621,2.1389341,2.3236845,52.704414,54.174854,0.4362907,0.4014388
64.82454,68.37182,0.6809346,0.73806167,2.233671,2.3305168,50.64353,54.236332,0.41331437,0.40071815
68.80089,68.51167,0.68482673,0.7406089,2.395455,2.3408613,53.812584,54.331562,0.38405073,0.39953095
61.88447,68.6168,0.6771202,0.7428014,1.772331,2.3490694,49.330864,54.4077,0.46365264,0.39852703
70.46068,68.73932,0.757842,0.7450619,2.4582815,2.358817,56.129517,54.492348,0.3510399,0.39727008
69.51554,68.83069,0.71264803,0.7470736,2.2485492,2.3677444,53.79332,54.56564,0.37577328,0.39676324
67.42654,68.932816,0.69886637,0.74951243,2.50079,2.37893,54.45048,54.654144,0.37880972,0.3959442
66.55645,69.04618,0.7307384,0.7519258,2.437569,2.3909292,53.398457,54.747723,0.4345496,0.39478654
68.565384,69.12509,0.68907577,0.754154,2.3283393,2.3995364,54.014023,54.81894,0.38507035,0.39419672
68.453606,69.25318,0.8028234,0.7565012,2.363663,2.4096534,54.846325,54.90585,0.42203006,0.39239827
72.42773,69.3616,0.7167003,0.7590704,2.5566263,2.4199302,54.19078,54.9912,0.33594757,0.39138526
73.668976,69.44533,0.7782336,0.76119745,2.6464703,2.4266536,56.826355,55.052868,0.33740786,0.3907352
68.16805,69.53832,0.7666035,0.7634396,2.4522414,2.434341,55.642952,55.118988,0.4241615,0.3898556
68.97439,69.63046,0.76713943,0.76561487,2.4634953,2.4439626,54.141426,55.193157,0.433318,0.38886952
63.07062,69.72262,0.65268105,0.76738596,1.749349,2.4541278,52.28832,55.263336,0.45244402,0.38750792
70.54061,69.79622,0.7056544,0.7677901,2.4875882,2.4571579,55.711052,55.289898,0.38213933,0.38624588
67.57319,69.818665,0.68018574,0.7676065,2.7360055,2.4552374,56.2372,55.28489,0.41507068,0.385598
72.19202,69.84044,0.74896985,0.7679591,2.4958203,2.456859,55.394997,55.299774,0.32874176,0.3850919
68.932526,69.87389,0.70626974,0.76852095,2.447355,2.4583325,54.338535,55.315044,0.37033457,0.38457063
67.93923,69.96263,0.7523211,0.76983744,2.5539882,2.4660265,55.801636,55.369797,0.38560387,0.38330197
69.51841,70.01921,0.7483428,0.7707182,2.6623492,2.4688964,56.90134,55.39787,0.3878238,0.38238508
66.85253,70.064766,0.764425,0.7717186,2.1291442,2.4729636,52.171078,55.43057,0.4022212,0.3820348
66.89621,70.088356,0.79328716,0.7725214,2.5330906,2.4753585,55.91558,55.451935,0.46585613,0.38186878
74.559044,70.035774,0.762172,0.7721349,3.0230942,2.4699187,59.064938,55.420803,0.3634772,0.3827589
68.30398,70.104164,0.68176025,0.77389127,2.176279,2.4768875,51.888084,55.47161,0.42960045,0.38226813
64.47088,70.178314,0.7030255,0.77527887,2.140425,2.482324,54.17038,55.51247,0.43037742,0.381513
65.466125,70.25495,0.6475673,0.7763179,2.3130698,2.4874039,51.7201,55.55066,0.45129487,0.3805787
68.258835,70.28416,0.792685,0.77694803,2.642813,2.4892378,55.92815,55.56606,0.4006633,0.38065404
73.2982,70.292244,0.7978714,0.7772718,2.864641,2.489013,57.984837,55.568577,0.40354034,0.38058823
72.44447,70.337906,0.8043527,0.7786745,2.7707646,2.4952028,57.08013,55.608932,0.3832686,0.3808487
63.96304,70.3446,0.75060666,0.7795196,2.276148,2.4956002,52.44124,55.61849,0.40913218,0.38128957
71.5534,70.33316,0.70614845,0.779621,2.6357708,2.4942625,56.55817,55.61148,0.3348194,0.38181785
71.10156,70.3585,0.70308506,0.7803273,2.6016872,2.4951,55.442867,55.624416,0.3636814,0.38145202
72.60536,70.3653,0.82428986,0.78058225,2.8123915,2.4932902,57.78907,55.620674,0.36734208,0.38133967
70.38207,70.412506,0.8638364,0.78158355,2.6688461,2.4947217,57.299408,55.6424,0.3785645,0.3807205
72.83395,70.445786,0.78251004,0.78309095,2.8462045,2.498207,57.24822,55.673332,0.36466694,0.38089576
69.50511,70.49739,0.7915416,0.78456956,2.6062658,2.5033264,54.885696,55.712467,0.43713993,0.38059187
69.52538,70.48611,0.8097565,0.78502285,2.6770544,2.50294,56.40417,55.713974,0.40813345,0.3809124
69.98194,70.525635,0.7628114,0.7861667,2.379593,2.507621,55.08469,55.745728,0.3762685,0.38038477
68.16788,70.59356,0.7654583,0.78775865,2.4914556,2.5118523,54.454628,55.78398,0.46438825,0.37985685
71.62342,70.62203,0.75303406,0.78854173,2.423858,2.512694,56.22223,55.796497,0.347865,0.3797059
67.04575,70.643585,0.7246498,0.78896016,2.4637043,2.512675,54.515697,55.80269,0.43030345,0.37939534
72.49443,70.64015,0.73260075,0.7889123,2.8037162,2.508442,55.942696,55.78675,0.34311846,0.3794304
64.641365,70.685265,0.7263466,0.78954226,2.3195117,2.5087566,53.722904,55.798946,0.45516306,0.37869594
69.749855,70.73805,0.76020336,0.78991926,2.6031191,2.5090466,57.49228,55.811928,0.40721905,0.37745586
74.2201,70.78029,0.8072166,0.79041064,3.0077908,2.507493,59.61215,55.817154,0.3523227,0.37657148
71.07789,70.80528,0.85190475,0.7920643,2.4554613,2.5126855,55.077984,55.85196,0.3690715,0.37682015
70.94854,70.83767,0.7013465,0.7933322,2.3543322,2.5165575,54.785442,55.879345,0.36517498,0.3767258
72.701385,70.83674,0.82465863,0.7934203,2.5725255,2.5119421,56.80591,55.86352,0.34914315,0.37697345
63.84786,70.85793,0.7200898,0.7941454,2.2054744,2.510198,53.69132,55.865887,0.42529,0.37712976
67.10659,70.84255,0.7267975,0.7945718,2.1040597,2.5114658,54.950996,55.873726,0.42776245,0.3776979
65.8397,70.87211,0.78077203,0.79496235,2.538597,2.510319,53.55506,55.87579,0.42630416,0.37743762
73.52618,70.895424,0.82973474,0.79611194,3.0086417,2.513086,58.08078,55.900013,0.33382577,0.37770098
68.670494,70.92792,0.8038244,0.79678464,2.7296152,2.5143807,55.73856,55.91535,0.45533594,0.37734243
68.08354,70.962234,0.7365682,0.7980443,2.6277566,2.5195997,56.12157,55.948505,0.37520182,0.37710214
68.61005,71.00776,0.7162956,0.79895014,2.536562,2.5213559,56.08772,55.96773,0.40621215,0.37624425
70.242744,71.055824,0.72677535,0.80025285,2.348265,2.5276396,54.054882,56.00567,0.38453925,0.37542003
71.50047,71.08469,0.7912275,0.8011325,2.38662,2.5317545,56.860176,56.03069,0.2943934,0.37566248
70.362434,71.06365,0.8001672,0.799262,2.3706713,2.5242593,53.375237,55.984573,0.3790164,0.37596288
70.438194,70.90552,0.81117797,0.79536426,2.50074,2.5032814,57.92771,55.854553,0.41528508,0.378622
69.38774,70.927765,0.77938384,0.79495025,2.631516,2.499884,55.337296,55.844463,0.4035095,0.37805226
63.58881,70.91616,0.6641715,0.7943754,2.0996773,2.493255,51.689293,55.81784,0.46676925,0.3780273
69.9654,70.94017,0.72960174,0.7946576,2.174773,2.497625,54.0625,55.843807,0.42448875,0.3776853
72.51424,70.847595,0.8263489,0.79214066,2.6925583,2.4859734,55.947376,55.76934,0.34963405,0.3795998
69.97121,70.76523,0.7719861,0.79020715,2.2450006,2.4768755,55.634403,55.70988,0.36597258,0.38078266
70.07624,70.63804,0.7228548,0.78643775,2.4262304,2.4605591,56.559513,55.60028,0.35537654,0.38177872
67.96716,70.569786,0.71522284,0.78407574,2.1999896,2.4492075,53.30195,55.532692,0.38242552,0.382344
72.16473,70.52404,0.73525447,0.78104806,2.602264,2.4380827,55.818443,55.45977,0.3338464,0.3816745
68.031006,70.56816,0.79192215,0.7795219,2.5234761,2.4293244,55.561016,55.41681,0.46243477,0.37920865
67.883804,70.56765,0.7895621,0.7788439,2.3702724,2.4290042,55.696636,55.4131,0.4255162,0.37869573
67.4416,70.56117,0.75636023,0.7784744,2.271616,2.430037,54.75135,55.419918,0.45657235,0.37890938
72.04482,70.49472,0.7223917,0.7780042,2.5204947,2.4285479,56.153076,55.40564,0.34030533,0.3804641
61.15031,70.46002,0.71892226,0.77793306,2.086034,2.426417,52.807068,55.393093,0.48311967,0.3809543
70.037865,70.436386,0.7272929,0.7773283,2.4027956,2.424901,55.049618,55.382782,0.42970437,0.38103715
65.955345,70.39699,0.65496165,0.776364,2.1377647,2.420625,51.414883,55.3547,0.41033888,0.38156378
67.85749,70.30931,0.75392157,0.7753029,2.4692755,2.415731,54.760944,55.315575,0.41924226,0.38295636
69.249016,70.20657,0.7193254,0.77291554,2.133341,2.4067967,54.452713,55.245174,0.37981147,0.38388988
77.90811,70.0917,0.8355097,0.77029395,2.784494,2.397532,59.242393,55.168816,0.30414376,0.38502023
66.243835,69.945946,0.6480317,0.7679857,2.1831558,2.379387,52.381557,55.05379,0.3896225,0.38701358
66.36485,69.850395,0.67706853,0.76486284,2.004611,2.3704844,53.243126,54.97563,0.41426498,0.38696468
74.74702,69.82054,0.7786912,0.76238185,2.5338793,2.36271,56.62761,54.913765,0.3211255,0.38566673
71.30268,69.78266,0.80779576,0.7598963,2.2453723,2.353672,55.381794,54.844933,0.3630445,0.38450935
73.69253,69.71555,0.7034769,0.7581678,2.4575799,2.3455687,55.14257,54.784225,0.34831813,0.38441262
68.15808,69.598946,0.80647147,0.75590885,2.4246988,2.3343081,56.774315,54.696365,0.40762112,0.3848394
69.1989,69.47736,0.7629046,0.75392437,2.2995586,2.324804,55.228508,54.61906,0.36169913,0.38543832
68.78293,69.43822,0.7410628,0.75268525,2.3001022,2.3198678,55.98123,54.581005,0.40946543,0.3845915
73.45865,69.422035,0.72902477,0.75252026,2.6784081,2.317956,57.651936,54.566986,0.30756342,0.38423067
69.33745,69.43985,0.72909063,0.7527453,2.240957,2.3167894,54.953007,54.567467,0.38876492,0.38354924
70.24303,69.37611,0.78913623,0.75153685,2.3231688,2.313141,54.138332,54.529686,0.37896693,0.38349405
66.96425,69.34142,0.71732664,0.7507912,2.160377,2.3094044,53.84686,54.500175,0.4262242,0.3831712
70.954185,69.24543,0.8068089,0.74957275,2.580693,2.3043783,56.470737,54.451073,0.35414547,0.38418105
69.8531,69.204605,0.6928935,0.7489561,2.3697605,2.3008227,55.148067,54.42434,0.33796498,0.38435614
69.34734,69.1423,0.7558549,0.7476427,2.313003,2.29711,54.545654,54.383568,0.40476236,0.38469627
65.75476,68.99582,0.6903224,0.74577355,2.1947684,2.2903388,52.06771,54.31108,0.43623275,0.38637725
68.54711,68.85727,0.7213984,0.7442739,2.1688545,2.2853622,53.927433,54.25257,0.41438624,0.388299
68.344154,68.74626,0.70396596,0.74304295,2.1559403,2.2826674,53.208054,54.211437,0.35482484,0.3902552
65.908226,68.67638,0.7211133,0.7420397,2.0266879,2.2792208,53.487167,54.175545,0.42385724,0.3910476
70.7306,68.63312,0.72088045,0.7415808,2.4266648,2.2767763,55.156086,54.150627,0.38634416,0.3913206
67.965004,68.61264,0.73161536,0.7412354,2.2663631,2.2750304,53.812572,54.135586,0.42801443,0.39124763
69.67639,68.54004,0.74054545,0.740241,2.2263062,2.2726521,53.009705,54.103405,0.41336083,0.392256
65.30069,68.44759,0.7047248,0.73910004,2.0199342,2.2687767,52.21501,54.057617,0.44359332,0.39332917
65.1256,68.35376,0.7703996,0.7379363,1.9827939,2.265656,52.205902,54.013695,0.47695893,0.3944847
65.735985,68.293655,0.76074123,0.7369926,2.0652442,2.2633162,52.128883,53.98123,0.47102666,0.3949225
70.57421,68.19963,0.7752154,0.7365516,2.2318254,2.2599127,54.38058,53.945175,0.41561812,0.3964168
65.13229,68.129265,0.728131,0.7362386,2.0520685,2.2572868,52.42668,53.918316,0.49567318,0.39741415
66.19549,68.01744,0.7769129,0.73521686,2.2981687,2.25496,53.974102,53.877815,0.43313202,0.39914143
63.841793,67.94574,0.7882871,0.7348906,1.9656188,2.2536883,50.86091,53.85686,0.4565539,0.4006168
67.556274,67.89206,0.72228163,0.73391294,2.2261732,2.2518632,52.749172,53.827625,0.37848222,0.4010444
68.57063,67.79566,0.6864847,0.73203087,2.1199045,2.2460017,54.623158,53.761177,0.37578392,0.40112007
66.65616,67.71915,0.9048604,0.7300324,2.3069494,2.2412395,54.27513,53.701916,0.50634646,0.40044942
65.85079,67.631256,0.70124507,0.7289095,1.9311482,2.2385142,51.807125,53.665775,0.3911567,0.4015166
66.69366,67.52472,0.802458,0.7271956,2.1422458,2.2361147,53.92545,53.619537,0.44861823,0.40250814
63.167812,67.41515,0.735946,0.7257729,1.7544912,2.2329535,50.190742,53.57256,0.53013724,0.40375867
66.89112,67.2902,0.72480124,0.7245298,2.2243576,2.231135,53.673763,53.53361,0.4028114,0.40593234
65.60156,67.15494,0.7339151,0.72299707,2.0318434,2.2271557,52.894066,53.476837,0.38926908,0.4074888
63.130905,67.031624,0.7126112,0.7216259,1.881462,2.2240403,49.643734,53.428226,0.49197006,0.40912834
68.631615,66.91747,0.69408274,0.72042054,2.1331484,2.2205234,53.68035,53.3795,0.41590425,0.4103871
61.519783,66.82165,0.63309884,0.71904385,2.0793395,2.2177122,52.43836,53.333424,0.4883715,0.41122377
67.29873,66.70199,0.66978663,0.7170281,2.0591414,2.214593,52.70536,53.274143,0.38751262,0.41225135
65.381424,66.58589,0.7910804,0.7150778,2.2325008,2.2113771,53.488445,53.21768,0.45898238,0.41299772
63.43199,66.415215,0.70238054,0.7123125,2.0629814,2.208273,51.23052,53.14501,0.44694608,0.41463655
63.91159,66.277664,0.73009616,0.7099925,1.9801399,2.2057564,51.927002,53.084793,0.5105841,0.41578448
63.37372,66.17893,0.7180439,0.7085554,2.0866957,2.2041495,50.487705,53.045887,0.49678195,0.4168449
70.730354,66.05248,0.6555089,0.7071178,2.397715,2.202293,54.830383,53.001446,0.36012214,0.41859022
61.494102,65.94646,0.6389822,0.70585823,1.8662214,2.2011905,49.91546,52.963665,0.4923124,0.4202084
63.56679,65.87221,0.7219293,0.70500106,2.2710788,2.2008975,52.989624,52.94008,0.43963894,0.42170635
66.019585,65.76151,0.7019433,0.7037732,2.3117044,2.198815,54.15707,52.897087,0.42675406,0.42327765
66.09334,65.653275,0.60339004,0.7032775,2.3668318,2.19689,53.66063,52.8649,0.43410608,0.42549327
64.519485,65.547455,0.67708915,0.7017611,2.098737,2.1962023,52.757362,52.828888,0.44131017,0.4271843
61.628304,65.43103,0.6266554,0.6996859,1.9939884,2.1957595,49.839344,52.78352,0.4289762,0.42886633
64.725006,65.33898,0.61005867,0.69789463,2.168407,2.1952946,52.76018,52.74729,0.4313056,0.42998347
67.51306,65.19516,0.7451414,0.6956034,2.3667638,2.1932561,54.103188,52.688526,0.38086256,0.43187985
63.976124,65.07882,0.6692102,0.6931968,2.2826974,2.1923146,53.296024,52.64069,0.4664476,0.4333036
65.30597,64.920525,0.61713946,0.69050044,2.1823258,2.190468,51.99675,52.579105,0.43229657,0.4355055
65.72609,64.7677,0.6088711,0.68779814,2.2339342,2.1887362,52.038094,52.517223,0.36557233,0.4375948
65.009964,64.672005,0.6690972,0.68634766,2.3091645,2.1870286,53.75669,52.4758,0.44885397,0.4388131
61.34507,64.57869,0.5934859,0.6848415,2.1999433,2.1856582,52.64895,52.43631,0.46167248,0.4400653
66.0974,64.484955,0.7720191,0.6834386,2.037983,2.1842406,51.23014,52.39675,0.45708552,0.4411335
61.359554,64.40507,0.627583,0.68262243,1.8804942,2.1827972,49.6642,52.36628,0.4644668,0.4423891
67.42235,64.32223,0.6801892,0.68142414,2.08993,2.181687,53.171997,52.332573,0.4293573,0.4435366
68.40251,64.237434,0.704615,0.6799074,2.048928,2.1814249,52.314556,52.301785,0.40857047,0.44478762
67.722694,64.13157,0.66496855,0.6779151,2.2737808,2.180144,53.8126,52.257236,0.35063437,0.44544914
59.208626,64.01561,0.61537635,0.6755125,2.0411437,2.1784794,50.572437,52.205498,0.46311498,0.4461395
64.68634,63.872704,0.65169823,0.6724374,2.179716,2.1772816,51.573822,52.143776,0.4337774,0.44734386
64.82252,63.732063,0.66826075,0.66994226,2.1606588,2.1757007,50.56547,52.084824,0.40960377,0.44913548
62.763977,63.586834,0.6284161,0.66688883,2.0633647,2.1739202,51.1778,52.021835,0.4480607,0.45022076
68.21299,63.456585,0.7425472,0.6642489,2.3592262,2.1723142,53.86521,51.964752,0.47851995,0.45125586
62.84248,63.355293,0.61725384,0.6620242,2.1706946,2.171784,52.366146,51.92467,0.44783637,0.4519908
62.54607,63.200317,0.67631924,0.65930986,2.2762046,2.1703873,53.107933,51.865692,0.56737685,0.45360854
60.572315,63.03035,0.6017062,0.655824,2.1971188,2.1692386,49.598274,51.79772,0.4708839,0.45542598
62.07523,62.91216,0.62509537,0.6529931,1.965405,2.1687093,51.35742,51.74545,0.47431242,0.45653206
60.970673,62.748013,0.5545052,0.6493792,2.092136,2.1667123,50.704895,51.671787,0.43125677,0.45750904
63.520832,62.620564,0.6213918,0.64628506,2.0367632,2.1656947,51.784065,51.61508,0.42185608,0.45786312
62.753296,62.505238,0.65622425,0.6439012,2.1844184,2.1643813,52.834328,51.565887,0.44516993,0.4585701
60.258408,62.38511,0.65610874,0.6416357,1.780395,2.1628191,49.998142,51.514305,0.4699568,0.4595594
64.74487,62.342205,0.6317023,0.64137506,2.1809707,2.1618414,51.11972,51.49567,0.46931157,0.46080184
65.2373,62.280407,0.6290711,0.64055735,2.188034,2.1610093,51.78603,51.470654,0.4239405,0.46184263
67.27836,62.192947,0.72432053,0.6385499,1.9423612,2.1599524,51.3059,51.430756,0.4666871,0.46248442
61.331123,62.143047,0.6227588,0.6372726,2.1056943,2.1587074,51.70161,51.403793,0.48143804,0.46253875
64.635284,62.10662,0.72226316,0.63689095,2.198672,2.1571453,52.177536,51.384274,0.48134366,0.46290278
63.474045,62.078587,0.6329291,0.63595057,2.446027,2.1564035,52.184704,51.365925,0.43938684,0.4631216
63.095524,62.039204,0.5845648,0.6349417,1.9755206,2.1556365,51.41682,51.34459,0.40349165,0.4634758
60.79578,61.95189,0.66519344,0.6331682,1.8190655,2.1545148,51.043175,51.30402,0.4719488,0.46446687
62.121365,61.90002,0.6035093,0.6314646,2.0332186,2.1533062,52.08367,51.273434,0.43357295,0.4642905
58.58091,61.865013,0.5746226,0.63040745,2.028816,2.1518784,49.654427,51.251415,0.49297857,0.4638062
57.458977,61.806747,0.6120099,0.6289284,1.9975024,2.1512563,50.000572,51.224102,0.49166813,0.46381146
63.18852,61.749176,0.6547841,0.62812114,2.1775243,2.1492045,49.097183,51.19314,0.45595384,0.46435347
60.797386,61.737923,0.6042271,0.6276962,2.2709272,2.148307,51.67539,51.180767,0.4296551,0.46441418
60.3746,61.70918,0.5740197,0.62644315,2.3389974,2.1478496,51.523384,51.15898,0.53097117,0.46420425
62.204502,61.59151,0.63670945,0.6240703,2.4114935,2.1476722,52.06722,51.114735,0.47101748,0.4655353
66.44667,61.558407,0.57613087,0.62286264,2.4632955,2.1472118,53.65152,51.0951,0.41168308,0.4653615
61.027374,61.53412,0.574746,0.6226636,2.1398726,2.1465108,50.359524,51.08479,0.44391802,0.46577254
64.00136,61.465984,0.5664185,0.6216557,2.049851,2.1452196,50.300213,51.05517,0.40636572,0.46635175
63.83551,61.412712,0.6179061,0.6205906,2.4151382,2.1439307,51.575447,51.02831,0.44801307,0.466681
58.33871,61.383533,0.53639895,0.6199474,2.3102548,2.1420538,49.93762,51.00518,0.50057286,0.46692902
59.443615,61.32493,0.5718167,0.61891896,2.1658697,2.141157,49.58795,50.97823,0.43478468,0.46780646
61.279503,61.278225,0.5860281,0.61829656,2.2732565,2.140231,52.227547,50.955574,0.47721976,0.46856937
66.241585,61.2305,0.700467,0.61793005,2.5804262,2.1385107,55.91062,50.93267,0.42463806,0.46935344
59.798775,61.208885,0.67644644,0.6178223,2.1337981,2.1377566,50.4005,50.923862,0.5060437,0.46968406
57.793716,61.191113,0.5982558,0.6177379,2.0665286,2.136148,50.239742,50.91118,0.48138568,0.46989495
63.473335,61.14947,0.63723785,0.61715424,1.9051701,2.1345491,51.92238,50.8874,0.41438735,0.47050893
57.653595,61.11728,0.6323474,0.6164603,2.2590857,2.1327236,51.557514,50.864975,0.6034888,0.47031093
61.70978,61.027508,0.58921844,0.61465466,2.2308283,2.1319382,50.720104,50.827465,0.39324662,0.471268
65.23951,60.95275,0.605543,0.6134016,2.2444928,2.1319807,52.249096,50.80121,0.34114355,0.47200823
57.00238,60.912094,0.580122,0.6122714,1.9919634,2.1309905,47.922424,50.77902,0.558475,0.47189558
69.31003,60.85751,0.63712066,0.6107986,2.272437,2.1293693,54.1764,50.747734,0.3833071,0.4720366
63.2393,60.832504,0.6325884,0.6104488,2.2269816,2.1272018,49.808624,50.728806,0.47745046,0.47196501
61.81522,60.808567,0.67296165,0.60979825,2.4772577,2.1252735,52.283333,50.708794,0.4570532,0.47241414
54.161465,60.787846,0.51552117,0.60929435,2.0054984,2.1246867,47.14718,50.697376,0.5256391,0.4728297
66.35294,60.73219,0.6039134,0.60846007,2.4072819,2.1229932,52.830345,50.668232,0.40538675,0.47356415
61.113647,60.674942,0.5124712,0.60763997,2.1602497,2.1213129,48.8675,50.640476,0.4323294,0.47383133
64.29287,60.66304,0.63163763,0.6072628,2.170315,2.1198733,50.37856,50.626617,0.37336594,0.4739651
62.121723,60.681404,0.5800795,0.60723406,2.1348162,2.117749,49.235306,50.620132,0.4796607,0.4730089
62.148647,60.67913,0.646873,0.60714555,1.7947984,2.1154096,52.15396,50.605827,0.48759973,0.47319117
60.251556,60.67537,0.6470724,0.607016,1.8883083,2.1133838,50.387974,50.59386,0.5234175,0.47303241
59.677032,60.74561,0.60921514,0.60867953,2.264501,2.1105347,51.330036,50.60743,0.5122957,0.47218156
60.989143,60.75761,0.6163765,0.60891354,2.0339541,2.1101606,49.804474,50.609604,0.487264,0.47194317
61.987423,60.729313,0.63709,0.60895425,2.2460892,2.10872,52.232002,50.591473,0.44214517,0.47217768
63.363018,60.682964,0.63787705,0.60849017,2.0911295,2.1077085,51.309772,50.569893,0.46428448,0.47265247
57.484188,60.670467,0.53085935,0.6089751,2.0438519,2.1062818,47.832115,50.56214,0.50404245,0.47305498
57.718384,60.626186,0.5433886,0.60846734,1.9632937,2.1056075,48.845417,50.543858,0.482235,0.47419837
63.2286,60.565945,0.6372908,0.6076621,2.0361357,2.1048315,50.79374,50.518562,0.44598642,0.47529405
57.22945,60.555893,0.5161653,0.60774,1.7456415,2.1032526,48.231873,50.505272,0.4890163,0.4757608
62.08152,60.518196,0.6442333,0.6072887,2.0810518,2.102175,48.45033,50.486782,0.49207416,0.47641897
60.679085,60.50001,0.6278784,0.6067146,2.0173094,2.1009107,51.114952,50.47063,0.4774406,0.4762542
61.779793,60.456635,0.54430026,0.6060561,2.2561822,2.1009135,51.375153,50.457306,0.43738815,0.47669977
59.156525,60.391212,0.51700854,0.604807,2.2478862,2.101083,49.29049,50.434727,0.44529575,0.47735405
60.936314,60.328663,0.49373728,0.6030936,2.1635025,2.101507,51.036655,50.40813,0.41005498,0.47807074
65.1955,60.308308,0.70046574,0.60222346,2.1423142,2.1008182,52.692482,50.392372,0.45230398,0.47781292
56.151054,60.305054,0.5710561,0.6025802,1.8774146,2.0998807,47.5166,50.39031,0.45385396,0.47794437
58.48652,60.292614,0.5550897,0.6022485,2.1152856,2.0991783,49.01223,50.384533,0.5043682,0.47783893
59.48533,60.241104,0.5621255,0.60112524,2.1556463,2.0975661,49.335423,50.354225,0.43648627,0.4781891
62.087273,60.209816,0.6762991,0.6005101,2.2659125,2.0959997,51.862286,50.33213,0.4965443,0.4783672
62.152393,60.22208,0.57601297,0.60056436,2.098574,2.0957112,49.033157,50.33498,0.47674528,0.47836187
61.70073,60.23104,0.576101,0.6008959,2.2244182,2.0951893,50.38468,50.337734,0.47867385,0.47865936
66.74452,60.24558,0.62668455,0.60127056,2.4115188,2.0943437,53.622925,50.340076,0.39305764,0.47881505
61.24823,60.31641,0.5980352,0.602466,2.0156736,2.0950792,50.773464,50.372784,0.45926535,0.47810107
59.490158,60.320187,0.5303233,0.60241216,1.9501576,2.0946124,49.281223,50.371143,0.4297153,0.47793967
57.81035,60.34409,0.55562204,0.6030279,1.9247713,2.0932643,47.06594,50.376026,0.52532136,0.47729698
61.061657,60.339176,0.6335376,0.60246277,2.0070207,2.0931716,53.053677,50.369328,0.4671689,0.4772128
57.229485,60.366756,0.6018918,0.60339516,1.9613446,2.0924656,48.770184,50.379578,0.5085869,0.47707444
56.948593,60.38579,0.5210765,0.60408616,2.1713314,2.0907092,47.54689,50.378937,0.52915287,0.47713855
59.34651,60.369896,0.5430805,0.6037246,1.9677577,2.0900872,49.031197,50.36869,0.4777501,0.4775891
57.848724,60.38993,0.60548097,0.60406005,1.9128404,2.0886939,49.692215,50.366844,0.5461834,0.47748452
55.552647,60.419533,0.51387745,0.6048585,1.7401446,2.0874012,48.296467,50.371532,0.5162667,0.47804534
53.857815,60.408623,0.51513803,0.6046918,1.8523419,2.0864673,46.90105,50.361782,0.49723586,0.4783928
57.34182,60.38176,0.5559552,0.60405105,1.837808,2.0849903,48.60434,50.34289,0.49902266,0.47843015
63.097378,60.38244,0.4913856,0.6035251,2.2380006,2.083699,51.66134,50.330776,0.30857253,0.47779685
56.61378,60.448193,0.5775165,0.603544,2.1567197,2.081967,50.433968,50.33699,0.5252579,0.47578916
64.88613,60.465923,0.6487535,0.6033608,1.8884118,2.0801105,51.44353,50.32917,0.3506663,0.47478113
56.595398,60.55256,0.5687398,0.60372967,1.8923279,2.0789437,49.877148,50.344578,0.44397807,0.47232684
58.34312,60.59131,0.6197214,0.6039026,1.8465412,2.0777652,49.734303,50.346367,0.46597385,0.47106716
60.70108,60.626343,0.64203477,0.6041124,1.8102746,2.0767896,49.41604,50.34942,0.444503,0.46946228
60.89791,60.645943,0.5503419,0.6036044,2.0243235,2.075648,49.014427,50.340576,0.4000198,0.46801472
61.5196,60.685944,0.61582184,0.603013,2.0383632,2.074889,49.955116,50.338074,0.3392074,0.46599853
61.519882,60.741867,0.58092767,0.60301685,2.2176473,2.0733624,50.057476,50.337387,0.40460506,0.46337286
60.393993,60.854137,0.58569944,0.60382515,1.9749622,2.0721405,49.932186,50.35564,0.44395015,0.4603526
65.997765,60.91768,0.7011346,0.6047548,2.0817423,2.0719085,54.74349,50.37281,0.39789912,0.45879152
65.33164,61.036823,0.63094777,0.6060894,2.133166,2.0736763,53.633533,50.417767,0.434995,0.45641428
58.974648,61.129982,0.5528181,0.6072227,1.8976986,2.074259,49.318478,50.447643,0.42462173,0.45412415
63.779404,61.180073,0.6203701,0.6069659,1.9576294,2.074692,50.897663,50.456245,0.4399358,0.45195413
56.80575,61.24897,0.59870976,0.60723984,2.0174162,2.0743637,48.510693,50.468857,0.49784037,0.45011675
61.428715,61.319546,0.62091553,0.6069441,1.9510967,2.0737543,49.820442,50.47362,0.39486766,0.4476922
61.91933,61.429585,0.540571,0.607985,1.97926,2.0729074,48.244175,50.495827,0.40843174,0.4449796
57.226322,61.51473,0.54179555,0.60808706,1.8749368,2.0722172,49.117413,50.504967,0.47923392,0.44245294
63.892944,61.56361,0.6555324,0.6081712,2.1414251,2.0698993,52.159557,50.496765,0.4463615,0.4405197
60.081352,61.669346,0.6527368,0.6096395,2.041257,2.0692198,49.97216,50.52447,0.4405245,0.43897864
61.65895,61.813526,0.6608386,0.61187994,1.8703964,2.068715,49.97876,50.56611,0.4506693,0.436972
68.20335,61.967106,0.62033045,0.61414975,2.1578202,2.0696197,52.166122,50.615585,0.34547678,0.4347799
64.99916,62.088287,0.6528379,0.615992,1.9962165,2.0704541,52.66314,50.65574,0.39492267,0.4329025
65.392715,62.154106,0.68436515,0.6164469,2.0700731,2.0700428,53.16055,50.666626,0.40852252,0.4311852
60.17606,62.296463,0.64536977,0.61825824,2.18597,2.0718105,50.75512,50.713802,0.49297,0.42918867
61.501213,62.437725,0.70771223,0.62065405,2.148705,2.0720177,52.05114,50.761604,0.45930964,0.4280635
65.52616,62.610744,0.6825998,0.62400305,2.3309865,2.0730827,54.008194,50.827953,0.39471748,0.4270527
65.46227,62.87159,0.595639,0.62891364,2.206908,2.077676,53.892757,50.94172,0.38789576,0.42533702
63.547005,63.139774,0.610088,0.6342187,2.2478232,2.0816503,52.90598,51.05324,0.39396593,0.4231462
62.041435,63.34179,0.7244231,0.63722724,2.0127478,2.0856297,51.40379,51.134438,0.46293187,0.42101508
61.53312,63.473465,0.6395248,0.6406309,1.8680298,2.0877159,49.23775,51.199154,0.37743208,0.41990578
60.933987,63.58234,0.6782901,0.6421069,1.934278,2.0913787,49.57732,51.248077,0.4951012,0.4178809
66.43065,63.643715,0.6734188,0.64278716,2.2447724,2.0921803,53.61266,51.270298,0.42192537,0.41637677
68.91308,63.77411,0.6345967,0.644991,2.1929839,2.0941381,52.1472,51.322636,0.36320287,0.41450945
63.103313,63.927406,0.5896741,0.6473228,2.1160512,2.0968492,49.261356,51.384895,0.39309287,0.41279244
61.663845,63.911045,0.62571865,0.64619136,2.0034645,2.0959308,51.038994,51.367794,0.39207223,0.41201043
63.146156,64.03956,0.6613005,0.64717513,2.1070359,2.0961587,51.153877,51.39536,0.40930763,0.40905723
65.89681,64.15998,0.69760233,0.64832973,2.1060977,2.0961323,52.198757,51.42373,0.35883772,0.40654373
65.127144,64.330894,0.65083736,0.6500422,1.9957622,2.0992582,51.008034,51.47875,0.41795802,0.40322536
61.65309,64.501114,0.61572415,0.6527746,2.0245736,2.1019068,51.794365,51.542023,0.41010013,0.40063205
65.84834,64.588196,0.6986892,0.65337074,2.3764877,2.103829,53.443043,51.569046,0.410923,0.3985149
64.31351,64.685265,0.6712438,0.65524685,2.2896488,2.1056933,50.70312,51.615425,0.38988534,0.3976148
67.5292,64.83449,0.70759284,0.65764695,2.3846185,2.11009,53.90603,51.687004,0.37841144,0.39631993
63.85389,65.12192,0.59955776,0.663384,2.241602,2.1171112,51.923428,51.825592,0.37913814,0.39445427
66.162094,65.36428,0.66128844,0.6677668,2.1838114,2.1241384,50.82572,51.94331,0.4026373,0.392782
67.60865,65.61214,0.64025664,0.6719142,2.2301905,2.1313784,52.986103,52.060036,0.38793504,0.39052212
67.12474,65.764336,0.6950504,0.67402434,2.2471066,2.136396,52.90646,52.134697,0.40064275,0.38898546
60.058563,65.88717,0.6410377,0.6762931,1.8544023,2.1412346,51.181297,52.206696,0.483838,0.38813922
68.30846,65.97357,0.70497155,0.67780083,2.2841716,2.144591,53.164978,52.2551,0.36212203,0.38762677
65.91226,66.10999,0.6798162,0.68134046,2.0522919,2.1499686,52.42426,52.344696,0.38854152,0.3873778
67.785675,66.265465,0.703174,0.68421125,2.2126186,2.1556013,54.731762,52.430832,0.34536535,0.38654748
66.366295,66.40058,0.6424721,0.6872588,2.2301846,2.1606193,53.199528,52.513016,0.36435676,0.3861385
67.25138,66.56171,0.64787936,0.6899232,2.4172056,2.167074,53.714573,52.599133,0.38961682,0.38481608
64.70689,66.70574,0.7244818,0.69268036,2.0627007,2.174144,53.186836,52.68958,0.38599882,0.38420865
60.95253,66.83006,0.60609245,0.6948421,1.953045,2.178666,49.658863,52.753155,0.4352138,0.38272905
66.84069,66.950836,0.7120641,0.697546,2.109255,2.1846,53.570408,52.831497,0.3800214,0.38225543
65.33781,67.06386,0.6999979,0.6994706,2.2384405,2.1897554,54.4096,52.89697,0.42147216,0.38145575
68.13292,67.15174,0.7297215,0.7009489,2.3119953,2.1936743,54.862244,52.948257,0.3558485,0.38088688
66.60826,67.26524,0.65729594,0.7026041,2.1350822,2.198978,52.624493,53.009937,0.3596366,0.3798539
66.86713,67.36781,0.67345953,0.70444643,2.4569705,2.202542,53.97822,53.061794,0.42628706,0.37870038
67.360596,67.48414,0.68024313,0.7067647,2.0735197,2.2093465,53.026375,53.139996,0.36360833,0.37806988
65.83608,67.56858,0.69392663,0.7079057,2.1070282,2.2131684,51.91546,53.18299,0.41477704,0.37686092
63.47062,67.60869,0.65146255,0.7085076,2.089283,2.2154894,50.460575,53.208664,0.42242107,0.3765265
72.69446,67.660126,0.7405121,0.70953757,2.5695457,2.2189367,56.548557,53.24675,0.35441768,0.37644005
67.20508,67.745384,0.71240604,0.7113869,2.1145215,2.2240753,53.0504,53.31006,0.4162914,0.37651548
68.538536,67.8514,0.61628795,0.71366864,2.4697177,2.2315311,54.485157,53.388905,0.33400726,0.37639767
68.92901,67.96992,0.7721727,0.71560645,2.5444615,2.2379308,54.861645,53.457916,0.38113713,0.3752949
70.03711,68.09387,0.7378799,0.71721864,2.5088017,2.244496,54.927345,53.523357,0.3679422,0.37402156
64.12349,68.18533,0.6713934,0.7187538,2.0290158,2.2496915,51.953968,53.578144,0.4348793,0.3732434
69.688416,68.289734,0.646428,0.7209345,2.551358,2.256196,55.99119,53.65078,0.28961596,0.37292355
70.850174,68.370735,0.7635476,0.7221163,2.7183053,2.260396,57.50543,53.695858,0.35961157,0.37211847
72.05717,68.46716,0.78208065,0.72374123,2.6606436,2.2665222,57.357967,53.75643,0.31707627,0.3714525
67.95202,68.612656,0.7171606,0.7258872,2.3645139,2.2738125,55.387825,53.83148,0.33859026,0.36965796
73.6252,68.69243,0.7652093,0.72703916,2.911335,2.277292,57.924038,53.86829,0.30290967,0.36829987
73.38898,68.75615,0.75971025,0.72779393,2.5201182,2.278996,55.773697,53.88952,0.31728533,0.36703473
68.45032,68.838455,0.74182445,0.7292718,2.520193,2.2853053,55.15627,53.947163,0.39710474,0.36658108
70.76433,68.930954,0.754401,0.7309113,2.327817,2.2920334,54.728897,54.007175,0.35693163,0.3657989
70.8357,69.03949,0.7471668,0.7326788,2.3737993,2.298443,55.655,54.06935,0.39768204,0.3646702
64.41155,69.132774,0.75701886,0.73450273,2.1191502,2.30472,52.60999,54.131207,0.46684703,0.3638695
67.62847,69.218155,0.662389,0.73621505,2.241848,2.3116846,54.86871,54.1957,0.32195458,0.36369723
70.289055,69.28893,0.7433776,0.7374936,2.4943917,2.3167546,54.59859,54.243763,0.34001708,0.36334574
69.24667,69.3544,0.75309545,0.7386577,2.5009344,2.3205485,56.374302,54.28275,0.40813085,0.3626676
64.266594,69.43354,0.72967124,0.7405393,1.9662449,2.3264375,52.153854,54.34326,0.42349315,0.36240008
70.712135,69.49251,0.73669696,0.74192005,2.6897779,2.330997,56.252747,54.38991,0.35328367,0.3622546
68.60527,69.54861,0.7547977,0.7439373,2.2189279,2.337205,54.758343,54.45345,0.34301355,0.36274683
63.07923,69.59633,0.706241,0.7446152,2.3371418,2.340936,53.75372,54.485725,0.41209874,0.3625269
66.016205,69.651,0.66979665,0.74570686,2.4793246,2.3437607,53.537167,54.51654,0.4015884,0.3618772
73.900986,69.71016,0.7455436,0.7464799,2.6999824,2.3482234,55.70198,54.554623,0.2759846,0.36152226
68.34738,69.794014,0.7268968,0.7476367,2.1510153,2.354724,53.264133,54.608593,0.3638118,0.36104223
69.622345,69.834435,0.76521695,0.74805,2.4664059,2.3556924,55.73015,54.618145,0.40346122,0.36002588
67.33127,69.85779,0.6727325,0.74890697,2.3994117,2.35798,52.848183,54.641155,0.39173305,0.35993448
68.09142,69.86684,0.80947375,0.7494418,2.448248,2.3590598,52.621986,54.65372,0.38443452,0.35990065
69.13576,69.914734,0.77487075,0.75055265,2.390621,2.3618534,56.46915,54.683308,0.37899488,0.35934794
71.352455,69.98046,0.72189385,0.7516639,2.5969346,2.364643,56.092415,54.71374,0.28649375,0.358189
66.89671,70.06943,0.6736731,0.7533065,2.1869228,2.3701153,52.906612,54.764122,0.40645656,0.35675475
68.59878,70.10346,0.69864184,0.7539169,2.7244823,2.3722954,54.765896,54.784973,0.36463785,0.35651058
70.001854,70.162384,0.77627546,0.75474715,2.6106286,2.3781343,55.895275,54.82797,0.39520413,0.35627216
68.959175,70.193,0.7517193,0.7551137,2.7463448,2.3800755,54.634895,54.84391,0.36966652,0.35598335
70.519875,70.21632,0.77980053,0.7555912,2.663186,2.3813536,55.11237,54.85773,0.3726601,0.35583976
66.90048,70.218094,0.7786326,0.7557855,2.4076078,2.3811111,54.150837,54.860493,0.4146623,0.3558387
70.8022,70.244514,0.72735626,0.7567011,2.6564083,2.383351,55.43666,54.884987,0.33927923,0.35588533
63.078434,70.27534,0.7232467,0.7572273,2.2359123,2.383785,52.123993,54.897198,0.45245728,0.3556996
66.03629,70.29421,0.74200416,0.7576068,2.264118,2.3844478,52.77106,54.906075,0.40402567,0.3553365
66.02698,70.30361,0.6660124,0.75831294,2.4705045,2.3844743,54.565193,54.916927,0.41259938,0.3553602
75.69054,70.36772,0.8439481,0.7599878,2.6787674,2.3925095,59.636047,54.981483,0.29208553,0.35540938
65.35999,70.40778,0.6781053,0.7609275,2.2737134,2.3945765,53.203644,55.003723,0.382315,0.3549084
71.071526,70.4323,0.74013805,0.7616253,2.515087,2.395846,55.539383,55.020626,0.3129246,0.35478184
69.375465,70.47188,0.81608635,0.76277816,2.4365475,2.3960598,56.092854,55.036655,0.40257883,0.35387462
68.5709,70.49778,0.71383065,0.76382065,2.2316327,2.3971915,54.086327,55.059242,0.34619734,0.35382047
69.23057,70.570274,0.7922267,0.76549274,2.1833653,2.4033465,54.920353,55.112892,0.42758578,0.35312706
69.082596,70.621315,0.753338,0.7663434,2.3659995,2.407134,54.473557,55.14483,0.33782268,0.35256654
69.95401,70.61754,0.6585647,0.7663241,2.227655,2.4053752,53.76057,55.134926,0.30600077,0.35217324
73.93716,70.57231,0.7652754,0.76468414,2.6510234,2.3950694,57.221714,55.059063,0.2882117,0.35123658
63.18634,70.51494,0.7200178,0.7628169,2.3370156,2.38557,53.710255,54.986828,0.467677,0.3508526
68.11067,70.47024,0.91732264,0.7616341,2.463618,2.3810277,55.46326,54.950615,0.45798522,0.3511594
73.731255,70.47586,0.7857894,0.76180506,2.6926582,2.3810525,57.13234,54.95457,0.34285215,0.35118625
74.88636,70.512955,0.7777118,0.7626711,2.7755704,2.3833632,59.8762,54.98202,0.31708333,0.35109025
64.641846,70.562744,0.71185994,0.764136,2.504791,2.3881009,53.748215,55.026596,0.39771825,0.35104865
71.81888,70.59845,0.7059279,0.76474977,2.6225362,2.390885,55.706593,55.04864,0.36991706,0.35058084
72.77053,70.56456,0.82739514,0.76356566,2.599481,2.3853657,56.96537,55.00869,0.37794363,0.35060957
73.57468,70.52993,0.9029541,0.7624724,2.3928647,2.3805513,55.73104,54.973324,0.36257988,0.3509381
70.818596,70.52406,0.8161267,0.7623849,2.4240646,2.377953,56.05386,54.958527,0.35939825,0.3507961
71.245804,70.55873,0.7433277,0.76329535,2.613218,2.380403,57.496468,54.984024,0.35118952,0.35023436
70.14716,70.56924,0.8195381,0.76364726,2.2981853,2.3794787,55.93479,54.98363,0.4029931,0.34956357
66.82906,70.55982,0.70084804,0.7642769,2.5511484,2.3807347,55.390568,54.99892,0.38062704,0.35045546
72.92085,70.591064,0.8289937,0.765221,2.5094821,2.3843858,56.111298,55.029083,0.3253114,0.3503142
69.53893,70.63526,0.6803918,0.76616395,2.1652265,2.3867211,54.13581,55.053566,0.3472884,0.3498241
62.95753,70.656334,0.71817255,0.7666957,2.1821764,2.3893337,52.336803,55.07376,0.4170588,0.34994528
65.072716,70.65411,0.70358634,0.766054,2.0174935,2.3860962,50.255917,55.051487,0.39162993,0.349621
71.64418,70.61643,0.8035804,0.7648666,2.5911396,2.3785129,56.316654,54.993736,0.34991628,0.34903523
69.631905,70.59421,0.73081267,0.7639868,2.5916526,2.373222,55.307003,54.955643,0.35721695,0.3485705
68.27862,70.588295,0.72421384,0.763252,2.411795,2.3708074,55.446224,54.930523,0.39076036,0.3474797
68.73138,70.58234,0.7663,0.7631851,2.4204383,2.3692317,53.972355,54.91973,0.40706915,0.34700873
68.62897,70.60509,0.71217954,0.76343334,2.511218,2.3700736,55.48175,54.92894,0.35413137,0.34652722
66.231735,70.59292,0.710714,0.7630242,2.0098033,2.3692937,52.555187,54.92232,0.37453088,0.34669778
65.436646,70.53693,0.69402677,0.7612482,2.2482767,2.3627596,53.672997,54.86354,0.36707467,0.34650543
64.58302,70.49598,0.6842629,0.7598955,2.3205466,2.356101,53.855263,54.810013,0.45426193,0.34596145
66.41296,70.44624,0.7031721,0.7590262,2.3187804,2.3524208,53.678127,54.78398,0.40371287,0.34694222
67.25262,70.40371,0.6855934,0.7579263,2.3083131,2.3493507,53.83626,54.75626,0.41336465,0.347383
71.43254,70.38456,0.7632836,0.75782555,2.4680512,2.3490722,55.904865,54.755894,0.3459936,0.3481803
69.6079,70.33245,0.7859974,0.75640285,2.2615921,2.3431592,55.171486,54.70469,0.3991741,0.3483671
72.86662,70.29121,0.68089646,0.75575966,2.5760725,2.3385978,55.647766,54.671062,0.31271297,0.3483309
70.12218,70.220116,0.78361636,0.7544081,2.2065854,2.3323815,53.5811,54.62177,0.43388638,0.34884804
68.04279,70.12876,0.8153405,0.7527834,2.2248735,2.3277721,55.4406,54.57878,0.39936402,0.35043463
68.288925,70.01551,0.68354994,0.750638,1.9706346,2.3191812,50.269768,54.503746,0.2990167,0.35148218
71.03858,69.877495,0.7883094,0.7476635,2.383547,2.3092492,56.26665,54.405228,0.39378595,0.3524411
68.10572,69.7715,0.7596166,0.74560314,2.2861297,2.3017955,53.390728,54.33754,0.3639146,0.35330918
77.368996,69.71702,0.81864476,0.7443113,2.6128874,2.296771,58.82537,54.28911,0.29677308,0.35302112
66.32928,69.63045,0.7588072,0.74321455,2.1904073,2.2906694,53.081898,54.238876,0.42453432,0.3539689
65.947525,69.56116,0.7311624,0.7420325,2.0593507,2.2866158,52.32592,54.19748,0.3751294,0.35454258
65.15825,69.5093,0.7717686,0.74068344,2.183752,2.2820752,53.089043,54.153797,0.44584125,0.35441402
69.51573,69.434814,0.76142585,0.7395289,2.0198665,2.2772415,52.911205,54.1101,0.38324532,0.3549311
70.025024,69.34785,0.6743053,0.7380105,2.2169945,2.2725444,53.87276,54.0616,0.39145678,0.35563564
67.95041,69.2527,0.63864297,0.7367904,2.047513,2.2688959,52.28916,54.022106,0.3179745,0.3571199
69.53362,69.14035,0.80872244,0.7346955,2.4998207,2.2640126,54.08341,53.960205,0.31389427,0.35802788
70.427025,69.06114,0.7715986,0.73285735,2.3679924,2.260002,55.419964,53.90982,0.33824018,0.3585586
64.207954,68.98763,0.7010473,0.7312947,1.939014,2.2552388,51.116367,53.857044,0.3603368,0.35828832
70.38872,68.93407,0.7004148,0.73010164,2.4540381,2.2521937,55.2108,53.8193,0.30474517,0.35814482
67.99909,68.91271,0.7419525,0.72934026,2.02097,2.2506678,52.181526,53.800194,0.4171041,0.35795707
65.3631,68.88437,0.6673801,0.7289779,2.0814703,2.2503476,52.680386,53.79338,0.4223827,0.3586507
64.32991,68.83393,0.65452176,0.72854567,1.9963893,2.2489538,51.54189,53.778164,0.44074762,0.3596456
67.62152,68.71427,0.71560967,0.72637516,2.1293437,2.2439117,53.68513,53.713448,0.38671035,0.36057663
71.67101,68.62859,0.6780525,0.7246142,2.3472667,2.2397423,54.520454,53.663124,0.3254078,0.36091188
62.965405,68.557945,0.6405177,0.7234849,1.8619606,2.2374628,50.806847,53.632435,0.44090432,0.36184177
65.772896,68.44944,0.75395983,0.7219301,2.2353456,2.2342763,54.292557,53.587814,0.43274075,0.36326757
69.364365,68.39367,0.818797,0.721291,2.1339648,2.2328393,53.512516,53.569168,0.44608438,0.3642851
72.132324,68.27069,0.7548177,0.72055274,2.571252,2.2305276,56.55598,53.539097,0.38436174,0.36703712
69.27914,68.149605,0.6911845,0.7198677,2.2290545,2.2283483,54.057823,53.508137,0.4013356,0.3697782
61.760593,68.028275,0.6328119,0.7187824,1.7481605,2.2258005,50.476902,53.469345,0.4570118,0.37218344
66.42939,67.900116,0.7444584,0.7170829,2.1375422,2.2229812,54.176445,53.421303,0.43913946,0.37429312
67.12224,67.79876,0.71509206,0.71559286,2.279561,2.2193892,53.88892,53.37339,0.41134834,0.3753532
65.95874,67.66331,0.7744468,0.71352595,2.452504,2.2155788,54.233807,53.31419,0.44298255,0.3768821
68.71114,67.517235,0.7867702,0.711526,2.0364513,2.212141,52.911293,53.255955,0.40547842,0.3785615
66.90566,67.39134,0.65965986,0.71021473,2.1184585,2.2094915,53.270584,53.213654,0.3881464,0.38037533
63.541615,67.26307,0.58137083,0.7090701,1.8758804,2.2076445,49.47891,53.175915,0.44613335,0.38252446
60.114777,67.0959,0.6767224,0.70657563,1.9933578,2.20622,50.456364,53.11886,0.5232788,0.38502485
66.04092,66.99208,0.7333456,0.70551014,2.2183428,2.2059677,53.22844,53.094368,0.42507866,0.38724294
62.80009,66.865456,0.6970016,0.70410055,1.9407272,2.2042325,51.43762,53.053574,0.45572233,0.38933605
64.828285,66.71527,0.6216289,0.701779,2.0338256,2.2020996,51.58043,52.99732,0.42353106,0.39133808
65.58164,66.57071,0.63110083,0.6995671,1.971389,2.1994057,53.21534,52.93708,0.39285046,0.39299303
66.49433,66.4169,0.74436986,0.6969166,2.2606747,2.1963093,51.942253,52.86938,0.48873514,0.39423183
64.09794,66.27418,0.6163595,0.6948757,2.2088726,2.1941655,50.413578,52.816914,0.49087715,0.39605793
66.461876,66.12424,0.690652,0.6930186,2.0022547,2.193164,52.330696,52.77189,0.39390513,0.39868847
65.84523,66.02162,0.6707257,0.69194,2.1097982,2.1926665,53.229637,52.744465,0.4763116,0.40073064
65.231255,65.87657,0.6633719,0.68989104,2.1607869,2.1907187,52.433178,52.692146,0.47128922,0.4027532
64.41742,65.699234,0.651913,0.68719167,2.0687547,2.188612,50.479027,52.628094,0.39735046,0.40485176
65.859924,65.52845,0.69457024,0.68433297,2.088741,2.1869195,51.874092,52.565216,0.42167658,0.40687707
67.20143,65.38921,0.66494995,0.6825115,2.176353,2.1862984,51.38149,52.52315,0.39644974,0.40929163
67.17923,65.282845,0.6868316,0.6809061,2.3113132,2.1862495,54.49439,52.49045,0.45170966,0.4112223
66.089035,65.1287,0.73103935,0.6786734,2.1106956,2.1847644,53.69698,52.43916,0.47866777,0.413358
63.591274,64.986404,0.70452285,0.6772583,2.2428257,2.1835463,51.638985,52.39875,0.4697197,0.41573656
61.764004,64.931755,0.66355747,0.6770338,2.027824,2.1836936,50.39475,52.390278,0.47150782,0.4175351
65.92414,64.86913,0.653013,0.67665195,2.4141223,2.1832256,53.079044,52.372303,0.47882113,0.4196028
61.929447,64.75183,0.65391517,0.6756965,2.0492802,2.1829607,51.08797,52.34409,0.4833111,0.42259425
69.19294,64.584366,0.77293336,0.67283475,2.2981994,2.1818163,53.332054,52.28375,0.4161872,0.4249365
64.03501,64.47366,0.63160765,0.67165256,2.046915,2.181002,50.6509,52.253117,0.4325496,0.4274433
61.180798,64.3185,0.6620368,0.66925514,1.9320595,2.1795044,48.74073,52.1971,0.4914478,0.4298054
61.728786,64.189384,0.65269876,0.6672606,2.002226,2.1786947,50.74497,52.154427,0.4993887,0.4321199
65.0491,64.09941,0.7224806,0.66634274,2.238362,2.1773646,51.721973,52.12429,0.4585623,0.43431053
65.3383,64.022545,0.73883426,0.6655883,2.0986245,2.1763623,52.024105,52.099552,0.441684,0.43639916
64.307106,63.92928,0.6485183,0.66483706,2.000614,2.175276,53.129818,52.072983,0.43473354,0.4387296
61.46486,63.827477,0.6216718,0.6637242,1.8428853,2.1746237,50.541393,52.041695,0.46059966,0.44090724
68.37223,63.75181,0.76770866,0.66381866,2.4567218,2.1738293,54.154793,52.02544,0.38896456,0.44337448
66.68495,63.639378,0.75451255,0.66276073,2.108864,2.1722906,54.095726,51.987835,0.5014596,0.4461142
65.23519,63.570545,0.7843127,0.66302973,2.2792459,2.1710696,54.08251,51.97438,0.5190693,0.4486961
64.03115,63.479755,0.6422091,0.6629918,2.0766656,2.1695845,52.652767,51.951496,0.44034788,0.45159078
68.856285,63.352085,0.624934,0.6615976,2.5741348,2.1677823,53.16077,51.906822,0.31059715,0.45374447
61.85561,63.231342,0.6255182,0.6588999,2.0606217,2.1678143,51.188305,51.861275,0.43503287,0.45530528
64.74189,63.074657,0.70310587,0.6559826,2.32795,2.1670585,52.843945,51.80232,0.45304877,0.4571149
58.58089,62.948437,0.67177117,0.6539796,1.9787897,2.1665857,50.97636,51.75712,0.54786307,0.45921
64.0383,62.762814,0.64202285,0.65042436,2.2130759,2.1644614,52.463497,51.679413,0.4306874,0.46140844
63.643635,62.603916,0.64789826,0.64743245,2.120261,2.1630173,51.890568,51.615177,0.4620344,0.46282607
64.22641,62.476044,0.70166546,0.64491916,2.2036452,2.1616893,52.33439,51.561306,0.4734003,0.46385184
59.111427,62.381126,0.577811,0.6422072,2.0085726,2.1617584,49.61076,51.51839,0.45557657,0.46451664
61.902447,62.2761,0.65716344,0.6394018,1.9385319,2.161268,49.470963,51.468517,0.54405236,0.46503064
61.838943,62.145214,0.5703736,0.63697577,2.24907,2.1589663,50.48349,51.409023,0.43478242,0.46607757
64.11111,62.01364,0.66726,0.6345524,2.3730156,2.1574867,52.093548,51.353718,0.43796647,0.46748406
59.606396,61.919914,0.6202808,0.6329633,2.0544596,2.1561046,50.184185,51.31199,0.5098383,0.4687362
64.358116,61.838493,0.6534537,0.6315328,2.2041898,2.154839,51.319145,51.27518,0.44880503,0.46980017
67.2879,61.779236,0.7640286,0.6299863,2.2389176,2.1539302,54.769737,51.24536,0.41726804,0.47018582
62.10294,61.76847,0.65164787,0.62955695,2.0984695,2.1530893,53.084866,51.235477,0.4680231,0.47015825
66.13192,61.720375,0.65347826,0.62878287,2.2607481,2.152322,52.856243,51.215508,0.3838332,0.47083202
63.683334,61.71826,0.67163575,0.6283301,1.8355298,2.152495,50.944508,51.213852,0.4331458,0.47024968
66.02152,61.709766,0.6473052,0.6284308,2.2544744,2.1520565,52.60381,51.21086,0.38032883,0.47022808
66.61856,61.709675,0.6990845,0.6281517,2.1162379,2.152108,52.708866,51.20883,0.44618586,0.4698441
66.96893,61.689743,0.59215194,0.62796503,2.6148028,2.1519809,52.727173,51.201897,0.36949274,0.4706922
61.149323,61.66723,0.61261874,0.62741864,2.0724216,2.1525083,49.98609,51.195736,0.44610378,0.47149843
65.00166,61.615803,0.64806765,0.6271286,2.380938,2.1518886,52.144653,51.177147,0.41161177,0.4725787
65.43344,61.54011,0.6176725,0.6262419,1.9735192,2.1501608,51.538795,51.14405,0.4186066,0.47324747
61.930847,61.510807,0.55173016,0.6255347,1.9031307,2.1493323,50.632008,51.1287,0.39596966,0.4732284
63.26123,61.458717,0.6215028,0.6241972,2.3790271,2.1484993,51.42281,51.10208,0.47076532,0.473207
59.320038,61.420315,0.6279432,0.62369096,2.3648252,2.1472156,50.256824,51.083015,0.4783481,0.47363782
65.97533,61.3402,0.6970815,0.62195706,2.1676292,2.1462088,53.326122,51.044125,0.4531773,0.4743526
56.76556,61.316456,0.57712466,0.6218559,2.2177348,2.1446867,50.587227,51.029396,0.5183702,0.4746256
60.93934,61.277416,0.6513281,0.6212852,2.319748,2.143582,53.181713,51.011,0.47077498,0.4753056
65.07047,61.256687,0.61434984,0.6208441,2.3924005,2.1424668,52.179684,50.997223,0.4294104,0.4751477
61.624443,61.237858,0.5969986,0.6201028,2.0454519,2.142645,50.420113,50.98894,0.47506326,0.4751507
56.763767,61.185616,0.5742322,0.6182298,2.0708985,2.142077,48.271603,50.95933,0.55075693,0.4750278
63.103004,61.11384,0.6100476,0.616502,2.112887,2.1401498,50.224346,50.918514,0.45311552,0.4751769
61.848015,61.099525,0.6465608,0.6159843,2.0773945,2.1388094,50.462708,50.90298,0.47768402,0.47492015
63.491776,61.09551,0.5932368,0.61533785,2.2186708,2.137742,50.79357,50.891148,0.48679543,0.47457424
61.98247,61.07304,0.63111824,0.6146414,2.223689,2.1365564,50.466755,50.873028,0.43561614,0.4744862
55.774517,61.060825,0.524168,0.6140218,2.0442438,2.1358843,47.799957,50.860382,0.47618803,0.47474846
67.97921,61.008034,0.69436234,0.61298764,2.3553586,2.134184,53.441734,50.82985,0.44057727,0.47519395
60.898464,60.98188,0.63997847,0.612828,2.1197453,2.1336849,50.38873,50.822227,0.4947631,0.4751473
58.837364,60.957542,0.615918,0.6121261,2.2084086,2.1335409,51.050865,50.812614,0.47488692,0.47534582
63.017483,60.90751,0.5912624,0.61045504,1.9930701,2.1330874,49.877968,50.786724,0.40734872,0.47526324
59.415672,60.87567,0.6166136,0.609333,2.1985724,2.1313078,50.84928,50.760876,0.515246,0.47499526
65.84843,60.824677,0.6719161,0.60773253,2.172515,2.1294138,53.460876,50.72586,0.47058195,0.47499138
57.739044,60.811295,0.49502054,0.6072199,2.2066605,2.1282825,48.665974,50.71208,0.44787925,0.47493568
65.90319,60.767494,0.5470847,0.605845,2.2331672,2.1276653,51.680508,50.688595,0.35347277,0.47514966
61.26816,60.73236,0.5951555,0.60415435,2.3446577,2.12618,51.7684,50.65857,0.48458582,0.4742742
60.581413,60.679317,0.5998225,0.602645,2.2398365,2.1240711,52.384872,50.623535,0.5218202,0.47441286
61.11903,60.645115,0.5893264,0.60184145,1.9715418,2.1221879,51.586338,50.597458,0.43689448,0.47450855
60.399998,60.648926,0.58910143,0.6018973,2.0815406,2.1201022,50.000237,50.588787,0.4745415,0.4742957
59.054214,60.639935,0.64584625,0.6021482,2.323777,2.1183963,50.924313,50.578606,0.50635946,0.47429127
56.999252,60.62477,0.44608593,0.6019484,2.0383976,2.1164052,47.544254,50.561726,0.48663843,0.47421482
56.95733,60.589386,0.6342671,0.6011573,1.9380577,2.1148884,49.169968,50.53832,0.52900743,0.47431445
61.427948,60.58251,0.6008187,0.6008481,2.0664458,2.1129718,48.728752,50.522053,0.48594692,0.47416067
56.23487,60.582726,0.5324715,0.60089135,1.9949584,2.1107798,48.757042,50.50975,0.4773045,0.47430587
65.951096,60.601925,0.6428311,0.6010703,2.0861633,2.1079571,52.57005,50.49909,0.44993925,0.4739274
62.56816,60.64025,0.5320362,0.60155404,2.3464875,2.1056824,51.136963,50.498295,0.40654725,0.47301286
60.429333,60.658943,0.57692623,0.6015049,2.1532333,2.1059718,51.507347,50.504284,0.47091433,0.47260538
61.41746,60.67517,0.5163602,0.60124785,2.055838,2.1053355,50.240387,50.50057,0.45598078,0.47200197
62.688423,60.694736,0.5886829,0.60159564,1.8853252,2.1050804,49.19229,50.505024,0.42590526,0.47182828
66.5868,60.658382,0.6811382,0.6005824,2.280393,2.1033983,53.25435,50.477642,0.47385606,0.471901
70.599464,60.654743,0.73366505,0.6007627,2.382217,2.1023185,54.33694,50.473206,0.3321362,0.47211975
61.261326,60.67338,0.58132803,0.6010097,2.11579,2.1017509,51.421814,50.478004,0.43655422,0.47200245
66.75198,60.670647,0.5760907,0.60069877,2.2843828,2.101398,52.58622,50.474983,0.3386767,0.4722376
67.45619,60.67101,0.6305989,0.6004706,2.494522,2.1005497,54.76864,50.469467,0.38322943,0.47172606
58.549866,60.665424,0.57605934,0.6003818,1.7776532,2.101232,49.999435,50.474064,0.4679083,0.47199628
64.024376,60.680717,0.6709518,0.6001513,2.1570098,2.0994856,52.456818,50.465588,0.48779318,0.47064734
58.90489,60.67521,0.6245966,0.6001484,1.9607146,2.0982423,48.723515,50.45878,0.52433234,0.4707411
59.08831,60.661552,0.65907806,0.59993947,1.9803897,2.0975802,49.884964,50.450947,0.56127346,0.47096226
64.295074,60.68163,0.6213136,0.6007878,2.0579953,2.095354,49.82509,50.450813,0.4387437,0.4706908
54.247395,60.721577,0.51908314,0.60123456,2.0192966,2.0948775,48.115177,50.46046,0.590662,0.47065872
63.30393,60.653637,0.62585133,0.6000875,2.0545275,2.0926216,50.19379,50.423046,0.453433,0.4715895
57.66713,60.62493,0.4831019,0.5994078,2.1914258,2.0906346,49.4379,50.39862,0.4793527,0.47162217
59.62346,60.62599,0.48016283,0.59908867,1.8115214,2.088672,47.720036,50.38504,0.43131432,0.47168002
60.88075,60.63919,0.58880746,0.59813845,2.0313332,2.0872273,50.74904,50.37033,0.48608053,0.4704488
62.3397,60.663048,0.540806,0.5984421,2.2046685,2.0843964,49.52951,50.361427,0.43910843,0.46998623
59.786594,60.67022,0.62329054,0.5979812,1.9647137,2.0827672,49.25915,50.350067,0.45565367,0.4693124
55.003227,60.663395,0.6129716,0.5974436,1.7415695,2.081181,46.361134,50.33285,0.488807,0.4689951
63.727993,60.67258,0.61327404,0.5975815,1.7624775,2.0782638,49.622993,50.31928,0.380983,0.46868533
58.48101,60.735523,0.5926653,0.5987237,1.6669903,2.0760407,47.95954,50.33027,0.48004496,0.4671737
62.74614,60.801125,0.60780704,0.5998819,2.2586532,2.07471,51.02536,50.34495,0.42372862,0.46614677
58.543472,60.859394,0.59108704,0.60078967,1.9752953,2.0741856,49.43363,50.362644,0.5376779,0.4652127
65.82391,60.895306,0.6511036,0.60195065,2.202986,2.0718803,51.609604,50.366833,0.44378102,0.46506527
59.73145,60.971863,0.55716515,0.60345894,2.004102,2.0705051,49.756046,50.387833,0.47353107,0.46426496
58.505875,60.99177,0.5927809,0.60372937,1.954157,2.068965,49.559345,50.384434,0.4354209,0.46425477
63.850784,61.058033,0.6908852,0.6042571,2.0675983,2.067088,50.97116,50.389645,0.5392715,0.4626761
62.19175,61.127457,0.64088833,0.60606265,1.9002719,2.0646994,49.856277,50.405735,0.4763042,0.46203068
59.941097,61.17689,0.64587337,0.60635483,1.7176203,2.064159,48.761395,50.415684,0.47716126,0.46132666
61.44671,61.188065,0.58950603,0.60644317,1.9817991,2.0633695,51.611195,50.41356,0.46182603,0.4610535
58.81026,61.21377,0.5261164,0.60670143,1.9793506,2.061585,49.296,50.41087,0.4503137,0.46069732
60.978836,61.242443,0.5855513,0.6072133,2.0529575,2.0615106,51.085106,50.419975,0.47538665,0.4605852
59.90207,61.243343,0.5545073,0.60717154,2.0424225,2.0601614,50.48503,50.41285,0.4613791,0.46071193
62.494392,61.246696,0.5686422,0.607269,2.1813216,2.059049,52.13674,50.40958,0.42704132,0.46095818
60.55429,61.263714,0.6706328,0.6073963,1.9461119,2.0595312,50.181953,50.416557,0.5384021,0.46072486
60.83926,61.321346,0.55367976,0.6090606,2.0177338,2.0584698,49.80538,50.437893,0.46875829,0.460536
59.85531,61.328293,0.6884559,0.6087747,1.8645968,2.060057,49.731033,50.44725,0.5188629,0.46049222
63.3101,61.362812,0.59033394,0.6095074,2.191601,2.0587797,50.95639,50.454,0.41943756,0.46027806
66.48157,61.43911,0.65470177,0.6107963,1.9765528,2.0603578,52.76829,50.49036,0.42171437,0.4597627
61.619534,61.56098,0.6482711,0.613129,2.070971,2.06175,50.93611,50.542206,0.50365853,0.4586784
62.443005,61.697464,0.61650187,0.6156254,1.8200648,2.0636935,49.24078,50.601566,0.44321376,0.4582345
61.703735,61.77954,0.5835391,0.6174116,1.9017904,2.0656354,48.428383,50.64294,0.43675786,0.45796344
61.56235,61.91799,0.5873186,0.62028754,2.0022047,2.0656104,49.203163,50.69231,0.4271456,0.45743018
66.736916,62.053085,0.6054146,0.6227405,2.2638707,2.0648732,52.53122,50.733307,0.41427326,0.4561735
60.70189,62.11035,0.64914775,0.6235561,2.158606,2.0643492,49.668392,50.74914,0.47310397,0.45575356
62.23409,62.283672,0.5932805,0.62672114,1.8130599,2.0643518,50.41262,50.8117,0.4125224,0.45506662
63.15299,62.427242,0.72533,0.62903357,1.8880087,2.0662441,51.067932,50.86689,0.45993593,0.45423386
63.059925,62.625057,0.71710914,0.6331939,2.0809243,2.0675504,52.33897,50.94488,0.5136072,0.45331478
61.918186,62.81857,0.5505779,0.6376552,2.1304095,2.070988,52.022537,51.035892,0.43069667,0.45225516
65.89275,62.880653,0.66212237,0.638129,2.019719,2.0716991,50.76008,51.05464,0.44089875,0.4512237
64.4728,62.869537,0.6333187,0.6370284,1.9033778,2.0698922,50.2813,51.035175,0.43147925,0.45050198
61.62344,62.93177,0.5766538,0.6375503,1.866063,2.070114,48.987347,51.052685,0.45438048,0.44954526
63.513306,63.075584,0.66917235,0.6391756,1.9427676,2.06956,51.61002,51.08914,0.45024082,0.446953
59.240505,63.194206,0.5816534,0.64098036,2.0396292,2.0705254,48.806675,51.134033,0.5014274,0.4457624
69.19703,63.26656,0.6837793,0.64159393,2.0138075,2.0717473,53.059246,51.16025,0.40496925,0.4450781
63.27939,63.37626,0.6849009,0.6437038,2.037018,2.07517,51.285263,51.21741,0.44555524,0.44441396
60.127724,63.56423,0.638286,0.64675254,2.0762928,2.0797498,50.09587,51.2991,0.4854319,0.44321206
58.204857,63.764526,0.62729424,0.6507219,1.7399917,2.0854034,49.238903,51.398037,0.4768389,0.44162533
60.167313,63.834026,0.5515565,0.6519897,2.2067719,2.0861857,50.66083,51.42656,0.46610662,0.44076622
67.35944,63.9455,0.6349654,0.6536271,1.9799526,2.089194,52.155167,51.47771,0.42412403,0.44001007
62.44401,64.04215,0.6343837,0.6556234,2.1031597,2.0928001,49.675335,51.53385,0.43968937,0.4398027
64.29126,64.14669,0.60147,0.6578457,2.035957,2.0963702,50.768463,51.591156,0.4459065,0.43996307
63.977703,64.22139,0.68378127,0.65995103,2.113348,2.100252,54.0063,51.644287,0.45183647,0.44046068
67.645226,64.34546,0.6942936,0.6631563,2.3784964,2.104733,54.423183,51.717216,0.36616203,0.44033152
63.1761,64.58726,0.6643378,0.66836566,2.1027596,2.1128645,51.189503,51.844826,0.43629837,0.43852678
65.11015,64.79765,0.6623864,0.67319816,2.2482438,2.120751,52.5955,51.96421,0.4416415,0.4369486
66.476585,64.97828,0.6920231,0.6772034,1.9836535,2.1281145,52.327236,52.068207,0.44045663,0.43587494
66.200325,65.102394,0.6492406,0.68056834,2.1218417,2.1351843,51.665596,52.15872,0.42818624,0.43611246
66.85703,65.19302,0.6392237,0.68238914,2.1906962,2.1395583,52.830406,52.214523,0.40022123,0.43587247
65.166466,65.2846,0.6561656,0.68369406,2.2881222,2.1438816,51.11675,52.266182,0.43214077,0.43520343
63.76041,65.39461,0.68884283,0.6863166,2.4934607,2.1492195,53.74788,52.335514,0.48170376,0.43489802
68.47105,65.55918,0.67595655,0.6891062,2.2560885,2.1573315,53.302113,52.429455,0.39304718,0.43365598
66.21213,65.69661,0.6851454,0.6926842,2.011535,2.1657648,51.202248,52.53066,0.47599792,0.43356743
63.935276,65.80301,0.7179515,0.6949281,1.9692962,2.1746373,51.691265,52.616726,0.44214773,0.4336156
62.65004,65.90039,0.61087,0.69744736,2.086853,2.1814318,50.57683,52.690178,0.45369336,0.43334022
69.79859,66.01688,0.6878595,0.6994372,2.3710377,2.1871092,54.573055,52.755615,0.42397314,0.43210822
66.13405,66.13612,0.71832794,0.7019108,2.547775,2.1946254,56.53792,52.83985,0.4258471,0.43135604
70.31666,66.247345,0.79493344,0.7043466,2.2749474,2.2030833,54.667397,52.925625,0.41411766,0.43067992
62.289806,66.36891,0.6979664,0.7069068,1.9883775,2.209786,50.341644,53.005283,0.43230823,0.42955387
66.05664,66.48536,0.7333095,0.70958066,2.2285364,2.2170475,53.11669,53.086792,0.4604234,0.42840397
72.32808,66.618675,0.8202736,0.71210384,2.5302792,2.2229154,56.13351,53.163544,0.33656853,0.4269732
68.84803,66.74586,0.6980038,0.7144039,2.449494,2.230356,54.203773,53.245625,0.36420795,0.4256653
70.43492,66.87915,0.7001649,0.716853,2.4115536,2.2373874,54.422337,53.32632,0.37119654,0.42416364
60.80401,67.0243,0.6351797,0.71868765,2.0999432,2.2447772,51.73766,53.406933,0.44339794,0.4222936
70.75021,67.13371,0.76608616,0.72028613,2.275898,2.2501535,54.823345,53.46715,0.40051064,0.4209799
70.30132,67.25246,0.6242572,0.7214524,2.4516065,2.2541273,53.697376,53.518795,0.32382217,0.41895562
64.02227,67.33262,0.7017324,0.7229614,2.0795593,2.2601955,52.80734,53.57578,0.42265195,0.41845158
67.4079,67.44774,0.6656153,0.72451943,2.205416,2.2662623,53.197937,53.640533,0.40887037,0.4170341
66.49113,67.56452,0.70793843,0.72624207,2.5804396,2.2733006,54.01309,53.7123,0.4742535,0.41564116
62.428055,67.64066,0.66417116,0.72799194,2.1131194,2.2801468,50.323196,53.77732,0.46561706,0.41542047
68.17661,67.729866,0.7309378,0.7296488,2.513163,2.2875807,55.04547,53.846443,0.4188577,0.4148401
67.72896,67.82139,0.72131324,0.73124045,2.5966046,2.2943187,54.591354,53.912163,0.4196872,0.41424838
63.54823,67.891945,0.6690855,0.73288727,2.1697323,2.2997491,51.20552,53.965767,0.43271607,0.41371858
68.707825,67.97082,0.786199,0.7342113,2.4737759,2.30524,56.79234,54.019527,0.45589972,0.41290215
65.85709,68.05336,0.6636542,0.73569757,2.1308875,2.3115218,51.653553,54.076584,0.45376533,0.41248357
67.9303,68.127304,0.7016848,0.73742646,2.382705,2.3184268,55.04342,54.135715,0.3994432,0.41235527
67.38283,68.22828,0.7705921,0.7398833,2.2282088,2.3275766,54.691612,54.218254,0.41511336,0.4118674
68.93776,68.3239,0.7377965,0.74249154,2.5025167,2.336768,56.574524,54.301052,0.44118032,0.4117762
66.53102,68.41068,0.6778696,0.7444957,2.2730238,2.3454914,52.022957,54.374996,0.42227855,0.41133824
71.70488,68.459625,0.8108773,0.74639404,2.4839487,2.352646,54.618225,54.431282,0.39959747,0.4114269
72.09564,68.53411,0.68883204,0.74811697,2.395439,2.3584008,56.01455,54.48669,0.38295192,0.4109435
67.32608,68.655975,0.70453554,0.7503298,2.4475932,2.3679998,54.993492,54.569992,0.42997563,0.40959752
70.81817,68.74974,0.69567627,0.7523155,2.554764,2.3758354,56.84663,54.639748,0.39137712,0.4088529
66.70684,68.82375,0.62814975,0.75383687,2.3513966,2.3823369,52.882885,54.693615,0.36613652,0.40824506
69.94876,68.91517,0.74272406,0.755471,2.5166223,2.3900928,54.603477,54.75917,0.3909343,0.40718415
69.35082,69.03461,0.71730244,0.75758576,2.4294455,2.3992183,53.809235,54.839176,0.4080734,0.4060645
66.642204,69.16013,0.73747504,0.759885,2.1890442,2.4095376,53.32621,54.92551,0.43917695,0.4046726
68.35933,69.25682,0.7651214,0.7614805,2.4777744,2.4151325,54.1685,54.982098,0.4148702,0.40349084
70.0476,69.37399,0.76102185,0.76317924,2.4562495,2.4228678,56.16703,55.04918,0.36473212,0.40183836
66.03146,69.5178,0.6940654,0.76517713,2.328549,2.4329226,53.408165,55.132927,0.41647875,0.40008697
74.98214,69.60043,0.8114902,0.76643836,2.8448958,2.4390779,58.02638,55.181316,0.36607412,0.3990008
73.73727,69.637276,0.7615293,0.7674329,2.630984,2.442248,57.665043,55.209072,0.29540622,0.3989049
66.1567,69.6825,0.6948099,0.768291,2.5339365,2.4442816,55.344666,55.230007,0.3944835,0.398409
69.2879,69.77902,0.64798343,0.7696452,2.4506865,2.4507556,53.46563,55.282585,0.39634353,0.3970957
63.719276,69.87338,0.7036036,0.77097666,2.000588,2.4563076,51.924698,55.330456,0.50272346,0.3955047
69.34933,69.978455,0.7694905,0.77261513,2.4121737,2.4641426,54.414726,55.392105,0.42945385,0.39417246
66.61919,70.040184,0.7190304,0.7737459,2.2997065,2.4688492,54.617573,55.429768,0.4130737,0.393396
70.56081,70.10241,0.7887536,0.7748141,2.6800404,2.471488,56.625828,55.458767,0.34003192,0.39266348
69.35566,70.14592,0.7178071,0.77561104,2.0340393,2.4696102,53.701515,55.46579,0.35228947,0.39172688
66.84585,70.16866,0.73724216,0.77609134,2.4083316,2.4659452,52.907814,55.460464,0.46343607,0.391216
74.19996,70.21992,0.7372966,0.7768345,2.699228,2.4640882,59.01864,55.466194,0.3102618,0.39011052
67.8661,70.32623,0.7572239,0.77846247,2.4056222,2.4721704,54.6775,55.526787,0.40435952,0.38882008
76.064964,70.37201,0.73154837,0.77958006,2.6153035,2.476735,57.846447,55.56043,0.24220155,0.38838154
69.27761,70.440384,0.8080747,0.7808685,2.9309318,2.477501,58.182724,55.58512,0.43171525,0.3872226
71.44154,70.472206,0.74890846,0.78149754,2.6994588,2.4796314,57.551525,55.60224,0.3713654,0.38667524
71.57011,70.525116,0.77576315,0.7826187,2.5653114,2.4822736,55.821426,55.627308,0.40277365,0.38617384
71.0456,70.54763,0.7738949,0.78343093,2.521329,2.48401,55.6782,55.641594,0.4372484,0.38609576
68.01753,70.58872,0.7248539,0.7847418,2.231894,2.4859064,53.71537,55.66559,0.46904385,0.3860786
74.213196,70.58622,0.76076835,0.78574115,2.5093622,2.4884515,57.609627,55.682823,0.29703435,0.3867935
71.14462,70.57824,0.75492346,0.78609693,2.655071,2.4869952,55.131485,55.680244,0.36380124,0.38742498
72.63752,70.571785,0.8181819,0.7874127,2.5078645,2.4862254,54.97167,55.68625,0.37883675,0.38829613
72.23039,70.63813,0.76037884,0.7889496,2.4253044,2.4849012,56.207672,55.70136,0.34001786,0.38812223
69.862854,70.698494,0.73425823,0.78985643,2.4338212,2.4867835,55.29524,55.726154,0.37478256,0.38729358
70.34078,70.73669,0.8127287,0.7904462,2.210482,2.4883718,54.728775,55.74308,0.3921153,0.3865871
69.9675,70.7531,0.76025236,0.78987974,2.6367502,2.4814665,55.287468,55.71775,0.38300046,0.38598993
69.75094,70.83353,0.81156385,0.79071563,2.747274,2.4846,57.333103,55.747425,0.41177246,0.3838203
67.5307,70.873955,0.7682443,0.79164326,2.5090702,2.488425,55.087986,55.778687,0.43778673,0.38334697
71.06491,70.88603,0.7772352,0.79206574,2.7530203,2.490099,56.819016,55.792507,0.35734308,0.38333648
69.262024,70.940796,0.7964517,0.7934292,2.456968,2.4941285,54.215466,55.827763,0.39719492,0.3829486
75.26199,70.976234,0.81447893,0.7947093,2.7480617,2.4984481,58.66834,55.858765,0.35209122,0.38265783
72.45611,71.057106,0.86869335,0.7961167,2.706702,2.5029507,58.44772,55.89838,0.38489893,0.38134453
73.28918,71.0641,0.7799355,0.7964936,2.5396574,2.502117,56.752384,55.900166,0.37639305,0.38102943
76.159134,71.09713,0.886177,0.7971715,2.7123938,2.500699,56.145622,55.904453,0.3447402,0.38052505
69.80633,71.10828,0.6888611,0.7977514,2.2834413,2.4918165,53.16872,55.876225,0.37555337,0.38043526
68.75939,71.0151,0.72468215,0.79626024,2.4556897,2.477673,55.6536,55.79854,0.36495972,0.38170573
70.13495,71.04929,0.7463086,0.7964119,2.5429962,2.4781826,54.6841,55.807022,0.45903862,0.3809822
67.56647,71.06445,0.8447852,0.7968862,2.389434,2.4815938,54.16053,55.827515,0.4514258,0.38150448
68.62934,71.0663,0.7850794,0.7971119,2.6533377,2.4811037,54.654305,55.82949,0.36692697,0.3818661
71.5286,71.05158,0.7596304,0.79609007,2.7528746,2.4723053,55.571808,55.7878,0.42036426,0.38163802
74.57659,71.05978,0.7930837,0.7968742,2.3932197,2.4753056,55.922318,55.80624,0.3299828,0.3820674
73.35501,71.043396,0.89058876,0.79613256,2.745926,2.4662967,59.92458,55.7671,0.41872913,0.38237274
73.07053,71.039986,0.7863636,0.79624623,2.6409726,2.4599924,58.176937,55.74088,0.3466574,0.3823058
70.14427,71.11396,0.8600232,0.79746705,2.281842,2.4637582,55.905712,55.77986,0.42243183,0.38129428
70.8546,71.07331,0.76878595,0.7970059,2.453049,2.4555082,55.058846,55.740654,0.41675368,0.38215357
64.83162,71.02462,0.72358024,0.7969099,2.3201911,2.4501839,53.346195,55.71406,0.44211784,0.38361433
71.74569,71.01139,0.7531104,0.7966484,2.5243187,2.4493399,57.027332,55.70628,0.37530726,0.3842446
71.202,70.975845,0.8604778,0.79572564,2.4386632,2.4429953,56.70578,55.670937,0.39710096,0.3848615
72.97242,70.94913,0.7282008,0.7946609,2.4203942,2.4346023,54.81405,55.627296,0.3691966,0.38479492
72.31792,70.90826,0.7665337,0.7946008,2.4983656,2.429532,56.037315,55.605415,0.35258406,0.38596815
72.10272,70.95248,0.83710015,0.7953267,2.549189,2.431642,56.54845,55.626938,0.37142125,0.38524082
70.794846,70.99828,0.8323077,0.7957551,2.4587877,2.432089,54.57307,55.640274,0.42171517,0.38442332
70.35489,71.04478,0.7410891,0.79669714,2.6802115,2.4335198,56.293987,55.662006,0.3511716,0.3834663
72.371826,71.115776,0.7750896,0.797782,2.385624,2.4352999,56.260925,55.689754,0.3694257,0.3822155
74.943504,71.08792,0.7265043,0.7968236,2.285232,2.430081,55.29014,55.659912,0.33896905,0.38252625
70.95405,70.965546,0.75671214,0.7940365,2.671327,2.4165528,55.39572,55.56546,0.40289584,0.3840221
72.80917,70.76889,0.80584687,0.7904107,2.6133308,2.4006193,55.73744,55.443565,0.3557439,0.3865036
67.95981,70.63467,0.7000208,0.78765684,2.2085702,2.3864453,52.292427,55.345585,0.39747185,0.3880745
70.391106,70.546585,0.84038603,0.7841733,2.5197988,2.3737662,57.1456,55.250084,0.4418882,0.38731185
70.53428,70.49433,0.81828314,0.78319114,2.675345,2.3651252,57.13617,55.20248,0.3910767,0.38798723
74.75491,70.54957,0.85582757,0.7845676,2.532486,2.3697855,57.483414,55.247334,0.33410922,0.38827103
69.18609,70.51221,0.7881937,0.78397596,2.4091144,2.3596277,55.182655,55.19868,0.44221807,0.38847518
67.212204,70.46229,0.7769392,0.78415394,2.0652053,2.357915,52.49878,55.188393,0.38971397,0.3899248
77.17439,70.42103,0.79576045,0.7820708,2.6695359,2.3546307,56.912228,55.150864,0.3311819,0.389096
69.83934,70.327324,0.749063,0.78018165,2.4284828,2.345584,55.943935,55.082466,0.4281456,0.38977155
66.21184,70.32612,0.7042177,0.7800224,2.098996,2.3489294,52.906475,55.101604,0.41903841,0.39023718
69.02317,70.2606,0.72152007,0.7787265,2.0745676,2.344639,53.643158,55.062416,0.3767931,0.39059252
71.899605,70.14029,0.7283233,0.7761803,2.420543,2.3351789,54.660675,54.980335,0.34090963,0.39138666
66.416466,70.08206,0.65599245,0.7746989,1.9377404,2.3334622,51.586163,54.952206,0.43161276,0.39224216
70.37696,69.89298,0.77984536,0.7708348,2.2707489,2.32661,55.127228,54.857643,0.38157803,0.39437485
65.71286,69.84334,0.7029287,0.7693234,2.3302672,2.3226757,52.20209,54.817837,0.43096527,0.39416033
69.66821,69.64115,0.7633131,0.7663005,2.2790105,2.3152618,54.768414,54.721657,0.36681628,0.39708385
67.266556,69.56293,0.77670175,0.7640045,2.4210575,2.3102067,56.047977,54.66581,0.41206846,0.39696753
72.96749,69.404396,0.7053585,0.76194185,2.391308,2.3045955,56.012318,54.595108,0.3511118,0.39929342
70.052765,69.36573,0.76804876,0.761509,2.0806475,2.301566,53.66714,54.572186,0.4086867,0.39955124
69.12358,69.27034,0.7707549,0.7601349,2.05679,2.2971244,54.225372,54.52376,0.3688171,0.4002693
67.381134,69.12897,0.6880851,0.757715,1.9101629,2.290463,53.06623,54.448875,0.38289547,0.4012023
68.434166,69.06821,0.7777126,0.7562919,2.3541687,2.286135,53.98855,54.401497,0.41912556,0.4008935
73.22987,68.96776,0.74398464,0.7554578,2.4116497,2.279887,56.153465,54.34883,0.33115467,0.40182087
69.24443,68.90154,0.7163047,0.7540873,2.1675928,2.2739525,53.487423,54.29835,0.3926316,0.40183502
72.85949,68.834404,0.7583597,0.75264794,2.448328,2.2715979,56.515434,54.264874,0.4071922,0.40256533
72.91155,68.80152,0.75568336,0.75224006,2.5656269,2.2692163,56.271446,54.24528,0.33509067,0.40277484
69.764915,68.77774,0.7661059,0.7513354,2.1060948,2.268107,53.848858,54.228645,0.39650923,0.40271887
75.64324,68.64891,0.8166365,0.7488529,2.4830027,2.2624876,55.74646,54.158474,0.3466987,0.4036084
69.986,68.5815,0.76554364,0.7476156,2.1231031,2.2573497,53.776577,54.112267,0.396551,0.40367457
69.0048,68.51189,0.683012,0.74656594,2.1504712,2.254963,53.89501,54.080647,0.38740078,0.40428013
69.480545,68.4825,0.6882368,0.74572146,2.2217255,2.2529962,53.59945,54.056366,0.34962973,0.4038608
67.45527,68.44868,0.6447112,0.74502516,2.3441176,2.250441,53.665783,54.03047,0.3965251,0.40371498
70.98226,68.37857,0.76917964,0.74346936,2.3526406,2.2483697,54.238003,53.994102,0.40791243,0.40377858
68.2884,68.2804,0.6814337,0.7411186,2.0832882,2.2454505,53.08633,53.94092,0.37360772,0.40415138
68.64563,68.19828,0.7254619,0.73976475,2.1646512,2.2430048,52.02636,53.89977,0.40581706,0.40461552
63.70422,68.1174,0.72353685,0.738298,2.346052,2.2408025,51.78428,53.85878,0.46062106,0.40510765
68.041626,68.02399,0.699005,0.7363087,2.1686888,2.2384195,52.177963,53.809464,0.37927458,0.4057133
65.01901,67.901405,0.6429471,0.7342514,1.9975458,2.234848,49.74226,53.747963,0.45272958,0.40651706
68.15749,67.74126,0.6704005,0.73143023,2.2194042,2.2311156,52.453857,53.67182,0.39527842,0.4080076
68.26216,67.609695,0.7044314,0.7290927,1.8588777,2.2285979,52.60093,53.612595,0.37127042,0.4092384
69.154655,67.55336,0.74162877,0.7271306,2.0094721,2.2272468,54.7152,53.571625,0.39855754,0.40897402
72.108604,67.48156,0.81168675,0.7256728,2.2838323,2.2244685,53.88508,53.526154,0.3903361,0.40870187
74.850586,67.42229,0.7360485,0.72455275,2.3351133,2.2216485,55.487705,53.489094,0.33215564,0.40857992
70.00788,67.37258,0.7580064,0.72389144,2.179732,2.2195692,54.305393,53.463276,0.3784852,0.40870234
72.717674,67.29583,0.83021706,0.72248316,2.2476559,2.2170687,55.293736,53.423088,0.32335082,0.40898263
66.50706,67.26209,0.73914516,0.7214726,2.237299,2.21487,53.42631,53.392082,0.42632654,0.40802342
70.257965,67.193474,0.7197104,0.7196582,2.2538366,2.2140448,52.481236,53.357136,0.40408418,0.40807018
65.08051,67.075096,0.73344904,0.7172991,2.1554537,2.2126658,54.27315,53.307365,0.43895578,0.4088846
74.57501,66.954605,0.7642441,0.71507853,2.515972,2.2108557,56.246044,53.255527,0.33830926,0.41000527
65.99959,66.8029,0.7009406,0.7126498,2.2492912,2.208879,53.644768,53.19795,0.34865305,0.41177422
67.407974,66.683784,0.65194637,0.7100934,2.2079601,2.2071455,52.107956,53.14432,0.37723625,0.41245732
67.77115,66.567726,0.767192,0.70731133,1.9585345,2.2062078,52.64594,53.0912,0.42979902,0.41297525
62.689884,66.46589,0.6001916,0.7053028,2.0135608,2.2052443,50.336945,53.049934,0.40459135,0.413556
66.80335,66.38783,0.745515,0.7034158,2.4249291,2.2043598,55.004112,53.012108,0.450761,0.41398397
69.737915,66.292206,0.7138933,0.7016961,2.503487,2.2026517,55.129234,52.969433,0.38910073,0.4144452
63.895245,66.19907,0.6710458,0.7004697,2.1309962,2.2012844,51.58488,52.93648,0.47305536,0.41567886
68.25795,66.06871,0.68813825,0.69847965,2.2379909,2.1988442,54.74909,52.88234,0.39292076,0.41675058
60.912846,65.964066,0.6068469,0.6961664,2.0802991,2.1968532,50.89519,52.83008,0.503319,0.4170627
67.78616,65.88025,0.69826055,0.69478345,2.25722,2.1961145,54.8112,52.797302,0.39729714,0.41787103
64.47123,65.816536,0.6601979,0.6940472,1.8676562,2.1942694,51.620163,52.7675,0.42084754,0.41798478
64.390724,65.740486,0.80748004,0.6932019,2.2440565,2.1922615,54.536537,52.735725,0.47885856,0.4185038
65.00723,65.67915,0.7126017,0.6921894,1.8564258,2.19087,53.29771,52.70686,0.44683874,0.41816777
65.08078,65.65039,0.62461704,0.6923578,2.0645,2.18925,51.933937,52.69497,0.3776657,0.41832483
63.12117,65.563896,0.59805304,0.69009143,2.0772254,2.1880496,52.346134,52.64986,0.42625466,0.41805783
69.73338,65.44222,0.7408392,0.68679583,2.1516964,2.1864607,52.190025,52.587162,0.38990045,0.41824088
64.5542,65.331314,0.6588167,0.68445003,2.0059123,2.1850734,51.809074,52.538864,0.4605803,0.4189218
61.686527,65.25012,0.64967024,0.68336034,2.2042673,2.1834078,53.126728,52.50608,0.495461,0.4198862
65.979706,65.18419,0.6564362,0.6820714,2.1399336,2.1826136,51.105885,52.47747,0.41980323,0.4207165
68.372055,65.11244,0.73795754,0.6805834,1.9606051,2.1824703,53.7036,52.450172,0.45231423,0.42157292
68.31037,65.04087,0.72870755,0.6798732,2.3418677,2.181473,53.120087,52.42666,0.4522976,0.42294654
70.316124,64.99181,0.6579325,0.6791307,2.5202765,2.1806757,54.690903,52.40658,0.3311831,0.4236779
67.24173,64.9555,0.6576147,0.6783975,2.257427,2.1805646,52.14059,52.393436,0.40787736,0.424078
58.216415,64.83151,0.6868515,0.6754043,1.8528118,2.1797469,48.7937,52.339355,0.5523103,0.4246461
65.262985,64.63821,0.6783459,0.6716959,1.9753082,2.1779833,52.548447,52.26387,0.42049664,0.42635623
65.88472,64.56148,0.7245122,0.66991985,2.384732,2.1771328,53.839134,52.227688,0.4096793,0.4268887
68.41908,64.45735,0.6593061,0.66790926,2.3069391,2.175859,52.984394,52.183895,0.4623744,0.42763987
63.517185,64.354454,0.6129619,0.6659155,2.2469,2.1747856,52.827103,52.14423,0.41653457,0.42881575
59.995144,64.24649,0.6193298,0.6633671,1.9166343,2.1740334,50.3142,52.099133,0.49973744,0.42962432
61.183655,64.15503,0.6332832,0.66201603,2.2086117,2.1720338,50.338657,52.060425,0.44699535,0.43072093
63.90902,64.10417,0.6709465,0.6611173,2.0048196,2.169962,52.92037,52.030056,0.43745598,0.43104735
61.301846,64.072975,0.6232319,0.66057193,1.9127117,2.1685138,49.33111,52.009922,0.47588244,0.43126902
58.60713,64.02003,0.591492,0.6596031,2.147236,2.1671295,49.267,51.983444,0.43812096,0.4318666
68.11196,63.914,0.7230052,0.6571474,2.300418,2.1653738,51.798508,51.932663,0.3596345,0.43221587
65.70198,63.87919,0.7083354,0.6563195,2.3831148,2.1638508,54.227524,51.908733,0.4324529,0.43207842
62.497185,63.896084,0.55696857,0.657025,2.1082323,2.1627038,51.745937,51.910618,0.42968142,0.43207905
63.871937,63.902824,0.68710774,0.6569497,2.0865364,2.1628258,52.758244,51.91034,0.42927918,0.43194988
64.48632,63.812572,0.6286512,0.6558041,2.3665347,2.1616325,51.93736,51.87949,0.44250008,0.43323413
65.97958,63.721992,0.62601966,0.65411085,2.197936,2.1609676,51.166653,51.84704,0.39750195,0.43458372
64.2938,63.65994,0.6555646,0.65322065,2.164893,2.1603038,51.278393,51.825577,0.40440005,0.43621302
59.071774,63.563366,0.6043618,0.65034187,2.2598085,2.159426,48.97921,51.778732,0.47605366,0.4370876
61.779617,63.439346,0.6432929,0.64751965,1.9528358,2.1585627,49.58056,51.72822,0.47607347,0.43856344
60.026375,63.336132,0.6247959,0.6455418,2.07146,2.156335,50.37113,51.679867,0.462748,0.4394189
64.032036,63.25596,0.64218783,0.644166,2.1960566,2.1537638,52.42497,51.638943,0.43249035,0.4406904
62.81401,63.227642,0.64632595,0.644017,1.9684135,2.1510806,50.18485,51.616875,0.4765198,0.44107568
65.56902,63.219154,0.6747061,0.6439492,2.3392096,2.1490788,52.994595,51.600933,0.42053866,0.4408421
61.98133,63.20333,0.58551705,0.6432322,2.1733181,2.1471102,50.884895,51.57757,0.44496882,0.44000876
63.646435,63.186726,0.59258884,0.64235127,2.0255153,2.1456287,52.42506,51.557407,0.38075748,0.43993926
59.22687,63.15693,0.63745,0.6416086,2.200354,2.1431725,51.989788,51.52908,0.4855445,0.43953446
63.72461,63.073383,0.62527066,0.6401933,2.3028867,2.1411278,51.220325,51.490116,0.4466204,0.44057167
69.52524,62.987873,0.6820704,0.63844025,2.2690177,2.138909,52.836136,51.44803,0.3417532,0.44085142
62.288918,62.95173,0.5765227,0.6370166,2.2051988,2.1377687,51.811787,51.42119,0.3964787,0.44059724
61.947433,62.9025,0.5613863,0.6356364,2.6103432,2.1358817,53.392185,51.387623,0.42556328,0.440313
